id,slug,name.ja,name.ja_r,name.en,name.de,name.fr,type.0,type.1,mythical,legendary,ultra_beast,height,weight,evo.to,evo.from,evo.trigger,evo.level,evo.item,base.hp,base.atk,base.def,base.satk,base.sdef,base.spd,total
1,bulbasaur,フシギダネ,Fushigidane,Bulbasaur,Bisasam,Bulbizarre,Grass,Poison,,,,7,69,2,,,,,45,49,49,65,65,45,318
2,ivysaur,フシギソウ,Fushigisou,Ivysaur,Bisaknosp,Herbizarre,Grass,Poison,,,,10,130,3,1,1,16,,60,62,63,80,80,60,405
3,venusaur,フシギバナ,Fushigibana,Venusaur,Bisaflor,Florizarre,Grass,Poison,,,,20,1000,,2,1,32,,80,82,83,100,100,80,525
4,charmander,ヒトカゲ,Hitokage,Charmander,Glumanda,Salamèche,Fire,,,,,6,85,5,,,,,39,52,43,60,50,65,309
5,charmeleon,リザード,Rizado,Charmeleon,Glutexo,Reptincel,Fire,,,,,11,190,6,4,1,16,,58,64,58,80,65,80,405
6,charizard,リザードン,Rizadon,Charizard,Glurak,Dracaufeu,Fire,Flying,,,,17,905,,5,1,36,,78,84,78,109,85,100,534
7,squirtle,ゼニガメ,Zenigame,Squirtle,Schiggy,Carapuce,Water,,,,,5,90,8,,,,,44,48,65,50,64,43,314
8,wartortle,カメール,Kameru,Wartortle,Schillok,Carabaffe,Water,,,,,10,225,9,7,1,16,,59,63,80,65,80,58,405
9,blastoise,カメックス,Kamekkusu,Blastoise,Turtok,Tortank,Water,,,,,16,855,,8,1,36,,79,83,100,85,105,78,530
10,caterpie,キャタピー,Kyatapi,Caterpie,Raupy,Chenipan,Bug,,,,,3,29,11,,,,,45,30,35,20,20,45,195
11,metapod,フシギダネ,Fushigidane,Metapod,Safcon,Chrysacier,Bug,,,,,7,99,12,10,1,7,,50,20,55,25,25,30,205
12,butterfree,バタフリー,Batafuri,Butterfree,Smettbo,Papilusion,Bug,Flying,,,,11,320,,11,1,10,,60,45,50,90,80,70,395
13,weedle,ビードル,Bidoru,Weedle,Hornliu,Aspicot,Bug,Poison,,,,3,32,14,,,,,40,35,30,20,20,50,195
14,kakuna,コクーン,Kokun,Kakuna,Kokuna,Coconfort,Bug,Poison,,,,6,100,15,13,1,7,,45,25,50,25,25,35,205
15,beedrill,スピアー,Supia,Beedrill,Bibor,Dardargnan,Bug,Poison,,,,10,295,,14,1,10,,65,90,40,45,80,75,395
16,pidgey,ポッポ,Poppo,Pidgey,Taubsi,Roucool,Normal,Flying,,,,3,18,17,,,,,40,45,40,35,35,56,251
17,pidgeotto,ピジョン,Pijon,Pidgeotto,Tauboga,Roucoups,Normal,Flying,,,,11,300,18,16,1,18,,63,60,55,50,50,71,349
18,pidgeot,ピジョット,Pijotto,Pidgeot,Tauboss,Roucarnage,Normal,Flying,,,,15,395,,17,1,36,,83,80,75,70,70,101,479
19,rattata,コラッタ,Koratta,Rattata,Rattfratz,Rattata,Normal,,,,,3,35,20,,,,,30,56,35,25,35,72,253
20,raticate,ラッタ,Ratta,Raticate,Rattikarl,Rattatac,Normal,,,,,7,185,,19,1,20,,55,81,60,50,70,97,413
21,spearow,フシギソウ,Fushigisou,Spearow,Habitak,Piafabec,Normal,Flying,,,,3,20,22,,,,,40,60,30,31,31,70,262
22,fearow,オニドリル,Onidoriru,Fearow,Ibitak,Rapasdepic,Normal,Flying,,,,12,380,,21,1,20,,65,90,65,61,61,100,442
23,ekans,アーボ,Abo,Ekans,Rettan,Abo,Poison,,,,,20,69,24,,,,,35,60,44,40,54,55,288
24,arbok,アーボック,Abokku,Arbok,Arbok,Arbok,Poison,,,,,35,650,,23,1,22,,60,95,69,65,79,80,448
25,pikachu,ピカチュウ,Pikachuu,Pikachu,Pikachu,Pikachu,Electric,,,,,4,60,26,172,1,,,35,55,40,50,50,90,320
26,raichu,ライチュウ,Raichuu,Raichu,Raichu,Raichu,Electric,,,,,8,300,,25,3,,83,60,90,55,90,80,110,485
27,sandshrew,サンド,Sando,Sandshrew,Sandan,Sabelette,Ground,,,,,6,120,28,,,,,50,75,85,20,30,40,300
28,sandslash,サンドパン,Sandopan,Sandslash,Sandamer,Sablaireau,Ground,,,,,10,295,,27,1,22,,75,100,110,45,55,65,450
29,nidoran-f,ニドラン♀,Nidoran♀,Nidoran♀️,Nidoran♀️,Nidoran♀️,Poison,,,,,4,70,30,,,,,55,47,52,40,40,41,275
30,nidorina,ニドリーナ,Nidorina,Nidorina,Nidorina,Nidorina,Poison,,,,,8,200,31,29,1,16,,70,62,67,55,55,56,365
31,nidoqueen,フシギバナ,Fushigibana,Nidoqueen,Nidoqueen,Nidoqueen,Poison,Ground,,,,13,600,,30,3,,81,90,92,87,75,85,76,505
32,nidoran-m,ニドラン♂,Nidoran♂,Nidoran♂️,Nidoran♂️,Nidoran♂️,Poison,,,,,5,90,33,,,,,46,57,40,40,40,50,273
33,nidorino,ニドリーノ,Nidorino,Nidorino,Nidorino,Nidorino,Poison,,,,,9,195,34,32,1,16,,61,72,57,55,55,65,365
34,nidoking,ニドキング,Nidokingu,Nidoking,Nidoking,Nidoking,Poison,Ground,,,,14,620,,33,3,,81,81,102,77,85,75,85,505
35,clefairy,ピッピ,Pippi,Clefairy,Piepi,Mélofée,Fairy,,,,,6,75,36,173,1,,,70,45,48,60,65,35,323
36,clefable,ピクシー,Pikushi,Clefable,Pixi,Mélodelfe,Fairy,,,,,13,400,,35,3,,81,95,70,73,95,90,60,483
37,vulpix,ロコン,Rokon,Vulpix,Vulpix,Goupix,Fire,,,,,6,99,38,,,,,38,41,40,50,65,65,299
38,ninetales,キュウコン,Kyuukon,Ninetales,Vulnona,Feunard,Fire,,,,,11,199,,37,3,,82,73,76,75,81,100,100,505
39,jigglypuff,プリン,Purin,Jigglypuff,Pummeluff,Rondoudou,Normal,Fairy,,,,5,55,40,174,1,,,115,45,20,45,25,20,270
40,wigglytuff,プクリン,Pukurin,Wigglytuff,Knuddeluff,Grodoudou,Normal,Fairy,,,,10,120,,39,3,,81,140,70,45,85,50,45,435
41,zubat,ヒトカゲ,Hitokage,Zubat,Zubat,Nosferapti,Poison,Flying,,,,8,75,42,,,,,40,45,35,30,40,55,245
42,golbat,ゴルバット,Gorubatto,Golbat,Golbat,Nosferalto,Poison,Flying,,,,16,550,169,41,1,22,,75,80,70,65,75,90,455
43,oddish,ナゾノクサ,Nazonokusa,Oddish,Myrapla,Mystherbe,Grass,Poison,,,,5,54,44,,,,,45,50,55,75,65,30,320
44,gloom,クサイハナ,Kusaihana,Gloom,Duflor,Ortide,Grass,Poison,,,,8,86,45 182,43,1,21,,60,65,70,85,75,40,395
45,vileplume,ラフレシア,Rafureshia,Vileplume,Giflor,Rafflesia,Grass,Poison,,,,12,186,,44,3,,85,75,80,85,110,90,50,490
46,paras,パラス,Parasu,Paras,Paras,Paras,Bug,Grass,,,,3,54,47,,,,,35,70,55,45,55,25,285
47,parasect,パラセクト,Parasekuto,Parasect,Parasek,Parasect,Bug,Grass,,,,10,295,,46,1,24,,60,95,80,60,80,30,405
48,venonat,コンパン,Konpan,Venonat,Bluzuk,Mimitoss,Bug,Poison,,,,10,300,49,,,,,60,55,50,40,55,45,305
49,venomoth,モルフォン,Morufon,Venomoth,Omot,Aéromite,Bug,Poison,,,,15,125,,48,1,31,,70,65,60,90,75,90,450
50,diglett,ディグダ,Diguda,Diglett,Digda,Taupiqueur,Ground,,,,,2,8,51,,,,,10,55,25,35,45,95,265
51,dugtrio,リザード,Rizado,Dugtrio,Digdri,Triopikeur,Ground,,,,,7,333,,50,1,26,,35,100,50,50,70,120,425
52,meowth,ニャース,Nyasu,Meowth,Mauzi,Miaouss,Normal,,,,,4,42,53,,,,,40,45,35,40,40,90,290
53,persian,ペルシアン,Perushian,Persian,Snobilikat,Persian,Normal,,,,,10,320,,52,1,28,,65,70,60,65,65,115,440
54,psyduck,コダック,Kodakku,Psyduck,Enton,Psykokwak,Water,,,,,8,196,55,,,,,50,52,48,65,50,55,320
55,golduck,ゴルダック,Gorudakku,Golduck,Entoron,Akwakwak,Water,,,,,17,766,,54,1,33,,80,82,78,95,80,85,500
56,mankey,マンキー,Manki,Mankey,Menki,Férosinge,Fighting,,,,,5,280,57,,,,,40,80,35,35,45,70,305
57,primeape,オコリザル,Okorizaru,Primeape,Rasaff,Colossinge,Fighting,,,,,10,320,,56,1,28,,65,105,60,60,70,95,455
58,growlithe,ガーディ,Gadi,Growlithe,Fukano,Caninos,Fire,,,,,7,190,59,,,,,55,70,45,70,50,60,350
59,arcanine,ウインディ,Uindi,Arcanine,Arkani,Arcanin,Fire,,,,,19,1550,,58,3,,82,90,110,80,100,80,95,555
60,poliwag,ニョロモ,Nyoromo,Poliwag,Quapsel,Ptitard,Water,,,,,6,124,61,,,,,40,50,40,40,40,90,300
61,poliwhirl,リザードン,Rizadon,Poliwhirl,Quaputzi,Têtarte,Water,,,,,10,200,62 186,60,1,25,,65,65,65,50,50,90,385
62,poliwrath,ニョロボン,Nyorobon,Poliwrath,Quappo,Tartard,Water,Fighting,,,,13,540,,61,3,,84,90,95,95,70,90,70,510
63,abra,ケーシィ,Keshixi,Abra,Abra,Abra,Psychic,,,,,9,195,64,,,,,25,20,15,105,55,90,310
64,kadabra,ユンゲラー,Yungera,Kadabra,Kadabra,Kadabra,Psychic,,,,,13,565,65,63,1,16,,40,35,30,120,70,105,400
65,alakazam,フーディン,Fudin,Alakazam,Simsala,Alakazam,Psychic,,,,,15,480,,64,2,,,55,50,45,135,95,120,500
66,machop,ワンリキー,Wanriki,Machop,Machollo,Machoc,Fighting,,,,,8,195,67,,,,,70,80,50,35,35,35,305
67,machoke,ゴーリキー,Goriki,Machoke,Maschock,Machopeur,Fighting,,,,,15,705,68,66,1,28,,80,100,70,50,60,45,405
68,machamp,カイリキー,Kairiki,Machamp,Machomei,Mackogneur,Fighting,,,,,16,1300,,67,2,,,90,130,80,65,85,55,505
69,bellsprout,マダツボミ,Madatsubomi,Bellsprout,Knofensa,Chétiflor,Grass,Poison,,,,7,40,70,,,,,50,75,35,70,30,40,300
70,weepinbell,ウツドン,Utsudon,Weepinbell,Ultrigaria,Boustiflor,Grass,Poison,,,,10,64,71,69,1,21,,65,90,50,85,45,55,390
71,victreebel,ゼニガメ,Zenigame,Victreebel,Sarzenia,Empiflor,Grass,Poison,,,,17,155,,70,3,,85,80,105,65,100,70,70,490
72,tentacool,メノクラゲ,Menokurage,Tentacool,Tentacha,Tentacool,Water,Poison,,,,9,455,73,,,,,40,40,35,50,100,70,335
73,tentacruel,ドククラゲ,Dokukurage,Tentacruel,Tentoxa,Tentacruel,Water,Poison,,,,16,550,,72,1,30,,80,70,65,80,120,100,515
74,geodude,イシツブテ,Ishitsubute,Geodude,Kleinstein,Racaillou,Rock,Ground,,,,4,200,75,,,,,40,80,100,30,30,20,300
75,graveler,ゴローン,Goron,Graveler,Georok,Gravalanch,Rock,Ground,,,,10,1050,76,74,1,25,,55,95,115,45,45,35,390
76,golem,ゴローニャ,Goronya,Golem,Geowaz,Grolem,Rock,Ground,,,,14,3000,,75,2,,,80,120,130,55,65,45,495
77,ponyta,ポニータ,Ponita,Ponyta,Ponita,Ponyta,Fire,,,,,10,300,78,,,,,50,85,55,65,65,90,410
78,rapidash,ギャロップ,Gyaroppu,Rapidash,Gallopa,Galopa,Fire,,,,,17,950,,77,1,40,,65,100,70,80,80,105,500
79,slowpoke,ヤドン,Yadon,Slowpoke,Flegmon,Ramoloss,Water,Psychic,,,,12,360,80 199,,,,,90,65,65,40,40,15,315
80,slowbro,ヤドラン,Yadoran,Slowbro,Lahmus,Flagadoss,Water,Psychic,,,,16,785,,79,1,37,,95,75,110,100,80,30,490
81,magnemite,コイル,Koiru,Magnemite,Magnetilo,Magnéti,Electric,Steel,,,,3,60,82,,,,,25,35,70,95,55,45,325
82,magneton,レアコイル,Reakoiru,Magneton,Magneton,Magnéton,Electric,Steel,,,,10,600,462,81,1,30,,50,60,95,120,70,70,465
83,farfetchd,カモネギ,Kamonegi,Farfetch'd,Porenta,Canarticho,Normal,Flying,,,,8,150,,,,,,52,90,55,58,62,60,377
84,doduo,ドードー,Dodo,Doduo,Dodu,Doduo,Normal,Flying,,,,14,392,85,,,,,35,85,45,35,35,75,310
85,dodrio,ドードリオ,Dodorio,Dodrio,Dodri,Dodrio,Normal,Flying,,,,18,852,,84,1,31,,60,110,70,60,60,110,470
86,seel,パウワウ,Pauwau,Seel,Jurob,Otaria,Water,,,,,11,900,87,,,,,65,45,55,45,70,45,325
87,dewgong,ジュゴン,Jugon,Dewgong,Jugong,Lamantine,Water,Ice,,,,17,1200,,86,1,34,,90,70,80,70,95,70,475
88,grimer,ベトベター,Betobeta,Grimer,Sleima,Tadmorv,Poison,,,,,9,300,89,,,,,80,80,50,40,50,25,325
89,muk,ベトベトン,Betobeton,Muk,Sleimok,Grotadmorv,Poison,,,,,12,300,,88,1,38,,105,105,75,65,100,50,500
90,shellder,シェルダー,Sheruda,Shellder,Muschas,Kokiyas,Water,,,,,3,40,91,,,,,30,65,100,45,25,40,305
91,cloyster,カメックス,Kamekkusu,Cloyster,Austos,Crustabri,Water,Ice,,,,15,1325,,90,3,,84,50,95,180,85,45,70,525
92,gastly,ゴース,Gosu,Gastly,Nebulak,Fantominus,Ghost,Poison,,,,13,1,93,,,,,30,35,30,100,35,80,310
93,haunter,ゴースト,Gosuto,Haunter,Alpollo,Spectrum,Ghost,Poison,,,,16,1,94,92,1,25,,45,50,45,115,55,95,405
94,gengar,ゲンガー,Genga,Gengar,Gengar,Ectoplasma,Ghost,Poison,,,,15,405,,93,2,,,60,65,60,130,75,110,500
95,onix,イワーク,Iwaku,Onix,Onix,Onix,Rock,Ground,,,,88,2100,208,,,,,35,45,160,30,45,70,385
96,drowzee,スリープ,Suripu,Drowzee,Traumato,Soporifik,Psychic,,,,,10,324,97,,,,,60,48,45,43,90,42,328
97,hypno,スリーパー,Suripa,Hypno,Hypno,Hypnomade,Psychic,,,,,16,756,,96,1,26,,85,73,70,73,115,67,483
98,krabby,クラブ,Kurabu,Krabby,Krabby,Krabby,Water,,,,,4,65,99,,,,,30,105,90,25,25,50,325
99,kingler,キングラー,Kingura,Kingler,Kingler,Krabboss,Water,,,,,13,600,,98,1,28,,55,130,115,50,50,75,475
100,voltorb,ビリリダマ,Biriridama,Voltorb,Voltobal,Voltorbe,Electric,,,,,5,104,101,,,,,40,30,50,55,55,100,330
101,electrode,キャタピー,Kyatapi,Electrode,Lektrobal,Électrode,Electric,,,,,12,666,,100,1,30,,60,50,70,80,80,150,490
102,exeggcute,タマタマ,Tamatama,Exeggcute,Owei,Noeunoeuf,Grass,Psychic,,,,4,25,103,,,,,60,40,80,60,45,40,325
103,exeggutor,ナッシー,Nasshi,Exeggutor,Kokowei,Noadkoko,Grass,Psychic,,,,20,1200,,102,3,,85,95,95,85,125,75,55,530
104,cubone,カラカラ,Karakara,Cubone,Tragosso,Osselait,Ground,,,,,4,65,105,,,,,50,50,95,40,50,35,320
105,marowak,ガラガラ,Garagara,Marowak,Knogga,Ossatueur,Ground,,,,,10,450,,104,1,28,,60,80,110,50,80,45,425
106,hitmonlee,サワムラー,Sawamura,Hitmonlee,Kicklee,Kicklee,Fighting,,,,,15,498,,236,1,20,,50,120,53,35,110,87,455
107,hitmonchan,エビワラー,Ebiwara,Hitmonchan,Nockchan,Tygnon,Fighting,,,,,14,502,,236,1,20,,50,105,79,35,110,76,455
108,lickitung,ベロリンガ,Beroringa,Lickitung,Schlurp,Excelangue,Normal,,,,,12,655,463,,,,,90,55,75,60,75,30,385
109,koffing,ドガース,Dogasu,Koffing,Smogon,Smogo,Poison,,,,,6,10,110,,,,,40,65,95,60,45,35,340
110,weezing,マタドガス,Matadogasu,Weezing,Smogmog,Smogogo,Poison,,,,,12,95,,109,1,35,,65,90,120,85,70,60,490
111,rhyhorn,トランセル,Toranseru,Rhyhorn,Rihorn,Rhinocorne,Ground,Rock,,,,10,1150,112,,,,,80,85,95,30,30,25,345
112,rhydon,サイドン,Saidon,Rhydon,Rizeros,Rhinoféros,Ground,Rock,,,,19,1200,464,111,1,42,,105,130,120,45,45,40,485
113,chansey,ラッキー,Rakki,Chansey,Chaneira,Leveinard,Normal,,,,,11,346,242,440,1,,,250,5,5,35,105,50,450
114,tangela,モンジャラ,Monjara,Tangela,Tangela,Saquedeneu,Grass,,,,,10,350,465,,,,,65,55,115,100,40,60,435
115,kangaskhan,ガルーラ,Garura,Kangaskhan,Kangama,Kangourex,Normal,,,,,22,800,,,,,,105,95,80,40,80,90,490
116,horsea,タッツー,Tattsu,Horsea,Seeper,Hypotrempe,Water,,,,,4,80,117,,,,,30,40,70,70,25,60,295
117,seadra,シードラ,Shidora,Seadra,Seemon,Hypocéan,Water,,,,,12,250,230,116,1,32,,55,65,95,95,45,85,440
118,goldeen,トサキント,Tosakinto,Goldeen,Goldini,Poissirène,Water,,,,,6,150,119,,,,,45,67,60,35,50,63,320
119,seaking,アズマオウ,Azumaou,Seaking,Golking,Poissoroy,Water,,,,,13,390,,118,1,33,,80,92,65,65,80,68,450
120,staryu,ヒトデマン,Hitodeman,Staryu,Sterndu,Stari,Water,,,,,8,345,121,,,,,30,45,55,70,55,85,340
121,starmie,バタフリー,Batafuri,Starmie,Starmie,Staross,Water,Psychic,,,,11,800,,120,3,,84,60,75,85,100,85,115,520
122,mr-mime,バリヤード,Bariyado,Mr. Mime,Pantimos,M. Mime,Psychic,Fairy,,,,13,545,,439,1,,,40,45,65,100,120,90,460
123,scyther,ストライク,Sutoraiku,Scyther,Sichlor,Insécateur,Bug,Flying,,,,15,560,212,,,,,70,110,80,55,80,105,500
124,jynx,ルージュラ,Rujura,Jynx,Rossana,Lippoutou,Ice,Psychic,,,,14,406,,238,1,30,,65,50,35,115,95,95,455
125,electabuzz,エレブー,Erebu,Electabuzz,Elektek,Élektek,Electric,,,,,11,300,466,239,1,30,,65,83,57,95,85,105,490
126,magmar,ブーバー,Buba,Magmar,Magmar,Magmar,Fire,,,,,13,445,467,240,1,30,,65,95,57,100,85,93,495
127,pinsir,カイロス,Kairosu,Pinsir,Pinsir,Scarabrute,Bug,,,,,15,550,,,,,,65,125,100,55,70,85,500
128,tauros,ケンタロス,Kentarosu,Tauros,Tauros,Tauros,Normal,,,,,14,884,,,,,,75,100,95,40,70,110,490
129,magikarp,コイキング,Koikingu,Magikarp,Karpador,Magicarpe,Water,,,,,9,100,130,,,,,20,10,55,15,20,80,200
130,gyarados,ギャラドス,Gyaradosu,Gyarados,Garados,Léviator,Water,Flying,,,,65,2350,,129,1,20,,95,125,79,60,100,81,540
131,lapras,ビードル,Bidoru,Lapras,Lapras,Lokhlass,Water,Ice,,,,25,2200,,,,,,130,85,80,85,95,60,535
132,ditto,メタモン,Metamon,Ditto,Ditto,Métamorph,Normal,,,,,3,40,,,,,,48,48,48,48,48,48,288
133,eevee,イーブイ,Ibui,Eevee,Evoli,Évoli,Normal,,,,,3,65,134 135 136 196 197 470 471 700,,,,,55,55,50,45,65,55,325
134,vaporeon,シャワーズ,Shawazu,Vaporeon,Aquana,Aquali,Water,,,,,10,290,,133,3,,84,130,65,60,110,95,65,525
135,jolteon,サンダース,Sandasu,Jolteon,Blitza,Voltali,Electric,,,,,8,245,,133,3,,83,65,65,60,110,95,130,525
136,flareon,ブースター,Busuta,Flareon,Flamara,Pyroli,Fire,,,,,9,250,,133,3,,82,65,130,60,95,110,65,525
137,porygon,ポリゴン,Porigon,Porygon,Porygon,Porygon,Normal,,,,,8,365,233,,,,,65,60,70,85,75,40,395
138,omanyte,オムナイト,Omunaito,Omanyte,Amonitas,Amonita,Rock,Water,,,,4,75,139,,,,,35,40,100,90,55,35,355
139,omastar,オムスター,Omusuta,Omastar,Amoroso,Amonistar,Rock,Water,,,,10,350,,138,1,40,,70,60,125,115,70,55,495
140,kabuto,カブト,Kabuto,Kabuto,Kabuto,Kabuto,Rock,Water,,,,5,115,141,,,,,30,80,90,55,45,55,355
141,kabutops,コクーン,Kokun,Kabutops,Kabutops,Kabutops,Rock,Water,,,,13,405,,140,1,40,,60,115,105,65,70,80,495
142,aerodactyl,プテラ,Putera,Aerodactyl,Aerodactyl,Ptéra,Rock,Flying,,,,18,590,,,,,,80,105,65,60,75,130,515
143,snorlax,カビゴン,Kabigon,Snorlax,Relaxo,Ronflex,Normal,,,,,21,4600,,446,1,,,160,110,65,65,110,30,540
144,articuno,フリーザー,Furiza,Articuno,Arktos,Artikodin,Ice,Flying,,1,,17,554,,,,,,90,85,100,95,125,85,580
145,zapdos,サンダー,Sanda,Zapdos,Zapdos,Électhor,Electric,Flying,,1,,16,526,,,,,,90,90,85,125,90,100,580
146,moltres,ファイヤー,Faiya,Moltres,Lavados,Sulfura,Fire,Flying,,1,,20,600,,,,,,90,100,90,125,85,90,580
147,dratini,ミニリュウ,Miniryuu,Dratini,Dratini,Minidraco,Dragon,,,,,18,33,148,,,,,41,64,45,50,50,50,300
148,dragonair,ハクリュー,Hakuryu,Dragonair,Dragonir,Draco,Dragon,,,,,40,165,149,147,1,30,,61,84,65,70,70,70,420
149,dragonite,カイリュー,Kairyu,Dragonite,Dragoran,Dracolosse,Dragon,Flying,,,,22,2100,,148,1,55,,91,134,95,100,100,80,600
150,mewtwo,ミュウツー,Myuutsu,Mewtwo,Mewtu,Mewtwo,Psychic,,,1,,20,1220,,,,,,106,110,90,154,90,130,680
151,mew,スピアー,Supia,Mew,Mew,Mew,Psychic,,1,,,4,40,,,,,,100,100,100,100,100,100,600
152,chikorita,チコリータ,Chikorita,Chikorita,Endivie,Germignon,Grass,,,,,9,64,153,,,,,45,49,65,49,65,45,318
153,bayleef,ベイリーフ,Beirifu,Bayleef,Lorblatt,Macronium,Grass,,,,,12,158,154,152,1,16,,60,62,80,63,80,60,405
154,meganium,メガニウム,Meganiumu,Meganium,Meganie,Méganium,Grass,,,,,18,1005,,153,1,32,,80,82,100,83,100,80,525
155,cyndaquil,ヒノアラシ,Hinoarashi,Cyndaquil,Feurigel,Héricendre,Fire,,,,,5,79,156,,,,,39,52,43,60,50,65,309
156,quilava,マグマラシ,Magumarashi,Quilava,Igelavar,Feurisson,Fire,,,,,9,190,157,155,1,14,,58,64,58,80,65,80,405
157,typhlosion,バクフーン,Bakufun,Typhlosion,Tornupto,Typhlosion,Fire,,,,,17,795,,156,1,36,,78,84,78,109,85,100,534
158,totodile,ワニノコ,Waninoko,Totodile,Karnimani,Kaiminus,Water,,,,,6,95,159,,,,,50,65,64,44,48,43,314
159,croconaw,アリゲイツ,Arigeitsu,Croconaw,Tyracroc,Crocrodil,Water,,,,,11,250,160,158,1,18,,65,80,80,59,63,58,405
160,feraligatr,オーダイル,Odairu,Feraligatr,Impergator,Aligatueur,Water,,,,,23,888,,159,1,30,,85,105,100,79,83,78,530
161,sentret,ポッポ,Poppo,Sentret,Wiesor,Fouinette,Normal,,,,,8,60,162,,,,,35,46,34,35,45,20,215
162,furret,オオタチ,Ootachi,Furret,Wiesenior,Fouinar,Normal,,,,,18,325,,161,1,15,,85,76,64,45,55,90,415
163,hoothoot,ホーホー,Hoho,Hoothoot,Hoothoot,Hoothoot,Normal,Flying,,,,7,212,164,,,,,60,30,30,36,56,50,262
164,noctowl,ヨルノズク,Yorunozuku,Noctowl,Noctuh,Noarfang,Normal,Flying,,,,16,408,,163,1,20,,100,50,50,86,96,70,452
165,ledyba,レディバ,Rediba,Ledyba,Ledyba,Coxy,Bug,Flying,,,,10,108,166,,,,,40,20,30,40,80,55,265
166,ledian,レディアン,Redian,Ledian,Ledian,Coxyclaque,Bug,Flying,,,,14,356,,165,1,18,,55,35,50,55,110,85,390
167,spinarak,イトマル,Itomaru,Spinarak,Webarak,Mimigal,Bug,Poison,,,,5,85,168,,,,,40,60,40,40,40,30,250
168,ariados,アリアドス,Ariadosu,Ariados,Ariados,Migalos,Bug,Poison,,,,11,335,,167,1,22,,70,90,70,60,70,40,400
169,crobat,クロバット,Kurobatto,Crobat,Iksbat,Nostenfer,Poison,Flying,,,,18,750,,42,1,,,85,90,80,70,80,130,535
170,chinchou,チョンチー,Chonchi,Chinchou,Lampi,Loupio,Water,Electric,,,,5,120,171,,,,,75,38,38,56,56,67,330
171,lanturn,ピジョン,Pijon,Lanturn,Lanturn,Lanturn,Water,Electric,,,,12,225,,170,1,27,,125,58,58,76,76,67,460
172,pichu,ピチュー,Pichu,Pichu,Pichu,Pichu,Electric,,,,,3,20,,,,,,20,40,15,35,35,60,205
173,cleffa,ピィ,Pixi,Cleffa,Pii,Mélo,Fairy,,,,,3,30,,,,,,50,25,28,45,55,15,218
174,igglybuff,ププリン,Pupurin,Igglybuff,Fluffeluff,Toudoudou,Normal,Fairy,,,,3,10,,,,,,90,30,15,40,20,15,210
175,togepi,トゲピー,Togepi,Togepi,Togepi,Togepi,Fairy,,,,,3,15,176,,,,,35,20,65,40,65,20,245
176,togetic,トゲチック,Togechikku,Togetic,Togetic,Togetic,Fairy,Flying,,,,6,32,468,175,1,,,55,40,85,80,105,40,405
177,natu,ネイティ,Neiti,Natu,Natu,Natu,Psychic,Flying,,,,2,20,178,,,,,40,50,45,70,45,70,320
178,xatu,ネイティオ,Neitio,Xatu,Xatu,Xatu,Psychic,Flying,,,,15,150,,177,1,25,,65,75,70,95,70,95,470
179,mareep,メリープ,Meripu,Mareep,Voltilamm,Wattouat,Electric,,,,,6,78,180,,,,,55,40,40,65,45,35,280
180,flaaffy,モココ,Mokoko,Flaaffy,Waaty,Lainergie,Electric,,,,,8,133,181,179,1,15,,70,55,55,80,60,45,365
181,ampharos,ピジョット,Pijotto,Ampharos,Ampharos,Pharamp,Electric,,,,,14,615,,180,1,30,,90,75,85,115,90,55,510
182,bellossom,キレイハナ,Kireihana,Bellossom,Blubella,Joliflor,Grass,,,,,4,58,,44,3,,80,75,80,95,90,100,50,490
183,marill,マリル,Mariru,Marill,Marill,Marill,Water,Fairy,,,,4,85,184,298,1,,,70,20,50,20,50,40,250
184,azumarill,マリルリ,Mariruri,Azumarill,Azumarill,Azumarill,Water,Fairy,,,,8,285,,183,1,18,,100,50,80,60,80,50,420
185,sudowoodo,ウソッキー,Usokki,Sudowoodo,Mogelbaum,Simularbre,Rock,,,,,12,380,,438,1,,,70,100,115,30,65,30,410
186,politoed,ニョロトノ,Nyorotono,Politoed,Quaxo,Tarpaud,Water,,,,,11,339,,61,2,,,90,75,75,90,100,70,500
187,hoppip,ハネッコ,Hanekko,Hoppip,Hoppspross,Granivol,Grass,Flying,,,,4,5,188,,,,,35,35,40,35,55,50,250
188,skiploom,ポポッコ,Popokko,Skiploom,Hubelupf,Floravol,Grass,Flying,,,,6,10,189,187,1,18,,55,45,50,45,65,80,340
189,jumpluff,ワタッコ,Watakko,Jumpluff,Papungha,Cotovol,Grass,Flying,,,,8,30,,188,1,27,,75,55,70,55,95,110,460
190,aipom,エイパム,Eipamu,Aipom,Griffel,Capumain,Normal,,,,,8,115,424,,,,,55,70,55,40,55,85,360
191,sunkern,コラッタ,Koratta,Sunkern,Sonnkern,Tournegrin,Grass,,,,,3,18,192,,,,,30,30,30,30,30,30,180
192,sunflora,キマワリ,Kimawari,Sunflora,Sonnflora,Héliatronc,Grass,,,,,8,85,,191,3,,80,75,75,55,105,85,30,425
193,yanma,ヤンヤンマ,Yanyanma,Yanma,Yanma,Yanma,Bug,Flying,,,,12,380,469,,,,,65,65,45,75,45,95,390
194,wooper,ウパー,Upa,Wooper,Felino,Axoloto,Water,Ground,,,,4,85,195,,,,,55,45,45,25,25,15,210
195,quagsire,ヌオー,Nuo,Quagsire,Morlord,Maraiste,Water,Ground,,,,14,750,,194,1,20,,95,85,85,65,65,35,430
196,espeon,エーフィ,Efi,Espeon,Psiana,Mentali,Psychic,,,,,9,265,,133,1,,,65,65,60,130,95,110,525
197,umbreon,ブラッキー,Burakki,Umbreon,Nachtara,Noctali,Dark,,,,,10,270,,133,1,,,95,65,110,60,130,65,525
198,murkrow,ヤミカラス,Yamikarasu,Murkrow,Kramurx,Cornèbre,Dark,Flying,,,,5,21,430,,,,,60,85,42,85,42,91,405
199,slowking,ヤドキング,Yadokingu,Slowking,Laschoking,Roigada,Water,Psychic,,,,20,795,,79,2,,,95,75,80,100,110,30,490
200,misdreavus,ムウマ,Muuma,Misdreavus,Traunfugil,Feuforêve,Ghost,,,,,7,10,429,,,,,60,60,60,85,85,85,435
201,unown,ラッタ,Ratta,Unown,Icognito,Zarbi,Psychic,,,,,5,50,,,,,,48,72,48,72,48,48,336
202,wobbuffet,ソーナンス,Sonansu,Wobbuffet,Woingenau,Qulbutoké,Psychic,,,,,13,285,,360,1,15,,190,33,58,33,58,33,405
203,girafarig,キリンリキ,Kirinriki,Girafarig,Girafarig,Girafarig,Normal,Psychic,,,,15,415,,,,,,70,80,65,90,65,85,455
204,pineco,クヌギダマ,Kunugidama,Pineco,Tannza,Pomdepik,Bug,,,,,6,72,205,,,,,50,65,90,35,35,15,290
205,forretress,フォレトス,Foretosu,Forretress,Forstellka,Foretress,Bug,Steel,,,,12,1258,,204,1,31,,75,90,140,60,60,40,465
206,dunsparce,ノコッチ,Nokocchi,Dunsparce,Dummisel,Insolourdo,Normal,,,,,15,140,,,,,,100,70,70,65,65,45,415
207,gligar,グライガー,Guraiga,Gligar,Skorgla,Scorplane,Ground,Flying,,,,11,648,472,,,,,65,75,105,35,65,85,430
208,steelix,ハガネール,Haganeru,Steelix,Stahlos,Steelix,Steel,Ground,,,,92,4000,,95,2,,,75,85,200,55,65,30,510
209,snubbull,ブルー,Buru,Snubbull,Snubbull,Snubbull,Fairy,,,,,6,78,210,,,,,60,80,50,40,40,30,300
210,granbull,グランブル,Guranburu,Granbull,Granbull,Granbull,Fairy,,,,,14,487,,209,1,23,,90,120,75,60,60,45,450
211,qwilfish,オニスズメ,Onisuzume,Qwilfish,Baldorfish,Qwilfish,Water,Poison,,,,5,39,,,,,,65,95,85,55,55,85,440
212,scizor,ハッサム,Hassamu,Scizor,Scherox,Cizayox,Bug,Steel,,,,18,1180,,123,2,,,70,130,100,55,80,65,500
213,shuckle,ツボツボ,Tsubotsubo,Shuckle,Pottrott,Caratroc,Bug,Rock,,,,6,205,,,,,,20,10,230,10,230,5,505
214,heracross,ヘラクロス,Herakurosu,Heracross,Skaraborn,Scarhino,Bug,Fighting,,,,15,540,,,,,,80,125,75,40,95,85,500
215,sneasel,ニューラ,Nyura,Sneasel,Sniebel,Farfuret,Dark,Ice,,,,9,280,461,,,,,55,95,55,35,75,115,430
216,teddiursa,ヒメグマ,Himeguma,Teddiursa,Teddiursa,Teddiursa,Normal,,,,,6,88,217,,,,,60,80,50,50,50,40,330
217,ursaring,リングマ,Ringuma,Ursaring,Ursaring,Ursaring,Normal,,,,,18,1258,,216,1,30,,90,130,75,75,75,55,500
218,slugma,マグマッグ,Magumaggu,Slugma,Schneckmag,Limagma,Fire,,,,,7,350,219,,,,,40,40,40,70,40,20,250
219,magcargo,マグカルゴ,Magukarugo,Magcargo,Magcargo,Volcaropod,Fire,Rock,,,,8,550,,218,1,38,,60,50,120,90,80,30,430
220,swinub,ウリムー,Urimu,Swinub,Quiekel,Marcacrin,Ice,Ground,,,,4,65,221,,,,,50,50,40,30,30,50,250
221,piloswine,オニドリル,Onidoriru,Piloswine,Keifel,Cochignon,Ice,Ground,,,,11,558,473,220,1,33,,100,100,80,60,60,50,450
222,corsola,サニーゴ,Sanigo,Corsola,Corasonn,Corayon,Water,Rock,,,,6,50,,,,,,65,55,95,65,95,35,410
223,remoraid,テッポウオ,Teppouo,Remoraid,Remoraid,Rémoraid,Water,,,,,6,120,224,,,,,35,65,35,65,35,65,300
224,octillery,オクタン,Okutan,Octillery,Octillery,Octillery,Water,,,,,9,285,,223,1,25,,75,105,75,105,75,45,480
225,delibird,デリバード,Deribado,Delibird,Botogel,Cadoizo,Ice,Flying,,,,9,160,,,,,,45,55,45,65,45,75,330
226,mantine,マンタイン,Mantain,Mantine,Mantax,Démanta,Water,Flying,,,,21,2200,,458,1,,,85,40,70,80,140,70,485
227,skarmory,エアームド,Eamudo,Skarmory,Panzaeron,Airmure,Steel,Flying,,,,17,505,,,,,,65,80,140,40,70,70,465
228,houndour,デルビル,Derubiru,Houndour,Hunduster,Malosse,Dark,Fire,,,,6,108,229,,,,,45,60,30,80,50,65,330
229,houndoom,ヘルガー,Heruga,Houndoom,Hundemon,Démolosse,Dark,Fire,,,,14,350,,228,1,24,,75,90,50,110,80,95,500
230,kingdra,キングドラ,Kingudora,Kingdra,Seedraking,Hyporoi,Water,Dragon,,,,18,1520,,117,2,,,75,95,95,95,95,85,540
231,phanpy,アーボ,Abo,Phanpy,Phanpy,Phanpy,Ground,,,,,5,335,232,,,,,90,60,60,40,40,40,330
232,donphan,ドンファン,Donfan,Donphan,Donphan,Donphan,Ground,,,,,11,1200,,231,1,25,,90,120,120,60,60,50,500
233,porygon2,ポリゴン２,Porigon2,Porygon2,Porygon2,Porygon2,Normal,,,,,6,325,474,137,2,,,85,80,90,105,95,60,515
234,stantler,オドシシ,Odoshishi,Stantler,Damhirplex,Cerfrousse,Normal,,,,,14,712,,,,,,73,95,62,85,65,85,465
235,smeargle,ドーブル,Doburu,Smeargle,Farbeagle,Queulorior,Normal,,,,,12,580,,,,,,55,20,35,20,45,75,250
236,tyrogue,バルキー,Baruki,Tyrogue,Rabauz,Debugant,Fighting,,,,,7,210,237,,,,,35,35,35,35,35,35,210
237,hitmontop,カポエラー,Kapoera,Hitmontop,Kapoera,Kapoera,Fighting,,,,,14,480,,236,1,20,,50,95,95,35,110,70,455
238,smoochum,ムチュール,Muchuru,Smoochum,Kussilla,Lippouti,Ice,Psychic,,,,4,60,,,,,,45,30,15,85,65,65,305
239,elekid,エレキッド,Erekiddo,Elekid,Elekid,Élekid,Electric,,,,,6,235,,,,,,45,63,37,65,55,95,360
240,magby,ブビィ,Bubixi,Magby,Magby,Magby,Fire,,,,,7,214,,,,,,45,75,37,70,55,83,365
241,miltank,アーボック,Abokku,Miltank,Miltank,Écrémeuh,Normal,,,,,12,755,,,,,,95,80,105,40,70,100,490
242,blissey,ハピナス,Hapinasu,Blissey,Heiteira,Leuphorie,Normal,,,,,15,468,,113,1,,,255,10,10,75,135,55,540
243,raikou,ライコウ,Raikou,Raikou,Raikou,Raikou,Electric,,,1,,19,1780,,,,,,90,85,75,115,100,115,580
244,entei,エンテイ,Entei,Entei,Entei,Entei,Fire,,,1,,21,1980,,,,,,115,115,85,90,75,100,580
245,suicune,スイクン,Suikun,Suicune,Suicune,Suicune,Water,,,1,,20,1870,,,,,,100,75,115,90,115,85,580
246,larvitar,ヨーギラス,Yogirasu,Larvitar,Larvitar,Embrylex,Rock,Ground,,,,6,720,247,,,,,50,64,50,45,50,41,300
247,pupitar,サナギラス,Sanagirasu,Pupitar,Pupitar,Ymphect,Rock,Ground,,,,12,1520,248,246,1,30,,70,84,70,65,70,51,410
248,tyranitar,バンギラス,Bangirasu,Tyranitar,Despotar,Tyranocif,Rock,Dark,,,,20,2020,,247,1,55,,100,134,110,95,100,61,600
249,lugia,ルギア,Rugia,Lugia,Lugia,Lugia,Psychic,Flying,,1,,52,2160,,,,,,106,90,130,90,154,110,680
250,ho-oh,ホウオウ,Houou,Ho-Oh,Ho-Oh,Ho-Oh,Fire,Flying,,1,,38,1990,,,,,,106,130,90,110,154,90,680
251,celebi,ピカチュウ,Pikachuu,Celebi,Celebi,Celebi,Psychic,Grass,1,,,6,50,,,,,,100,100,100,100,100,100,600
252,treecko,キモリ,Kimori,Treecko,Geckarbor,Arcko,Grass,,,,,5,50,253,,,,,40,45,35,65,55,70,310
253,grovyle,ジュプトル,Juputoru,Grovyle,Reptain,Massko,Grass,,,,,9,216,254,252,1,16,,50,65,45,85,65,95,405
254,sceptile,ジュカイン,Jukain,Sceptile,Gewaldro,Jungko,Grass,,,,,17,522,,253,1,36,,70,85,65,105,85,120,530
255,torchic,アチャモ,Achamo,Torchic,Flemmli,Poussifeu,Fire,,,,,4,25,256,,,,,45,60,40,70,50,45,310
256,combusken,ワカシャモ,Wakashamo,Combusken,Jungglut,Galifeu,Fire,Fighting,,,,9,195,257,255,1,16,,60,85,60,85,60,55,405
257,blaziken,バシャーモ,Bashamo,Blaziken,Lohgock,Braségali,Fire,Fighting,,,,19,520,,256,1,36,,80,120,70,110,70,80,530
258,mudkip,ミズゴロウ,Mizugorou,Mudkip,Hydropi,Gobou,Water,,,,,4,76,259,,,,,50,70,50,50,50,40,310
259,marshtomp,ヌマクロー,Numakuro,Marshtomp,Moorabbel,Flobio,Water,Ground,,,,7,280,260,258,1,16,,70,85,70,60,70,50,405
260,swampert,ラグラージ,Raguraji,Swampert,Sumpex,Laggron,Water,Ground,,,,15,819,,259,1,36,,100,110,90,85,90,60,535
261,poochyena,ライチュウ,Raichuu,Poochyena,Fiffyen,Medhyèna,Dark,,,,,5,136,262,,,,,35,55,35,30,30,35,220
262,mightyena,グラエナ,Guraena,Mightyena,Magnayen,Grahyèna,Dark,,,,,10,370,,261,1,18,,70,90,70,60,60,70,420
263,zigzagoon,ジグザグマ,Jiguzaguma,Zigzagoon,Zigzachs,Zigzaton,Normal,,,,,4,175,264,,,,,38,30,41,30,41,60,240
264,linoone,マッスグマ,Massuguma,Linoone,Geradaks,Linéon,Normal,,,,,5,325,,263,1,20,,78,70,61,50,61,100,420
265,wurmple,ケムッソ,Kemusso,Wurmple,Waumpel,Chenipotte,Bug,,,,,3,36,266 268,,,,,45,45,35,20,30,20,195
266,silcoon,カラサリス,Karasarisu,Silcoon,Schaloko,Armulys,Bug,,,,,6,100,267,265,1,7,,50,35,55,25,25,15,205
267,beautifly,アゲハント,Agehanto,Beautifly,Papinella,Charmillon,Bug,Flying,,,,10,284,,266,1,10,,60,70,50,100,50,65,395
268,cascoon,マユルド,Mayurudo,Cascoon,Panekon,Blindalys,Bug,,,,,7,115,269,265,1,7,,50,35,55,25,25,15,205
269,dustox,ドクケイル,Dokukeiru,Dustox,Pudox,Papinox,Bug,Poison,,,,12,316,,268,1,10,,60,50,70,50,90,65,385
270,lotad,ハスボー,Hasubo,Lotad,Loturzel,Nénupiot,Water,Grass,,,,5,26,271,,,,,40,30,30,40,50,30,220
271,lombre,サンド,Sando,Lombre,Lombrero,Lombre,Water,Grass,,,,12,325,272,270,1,14,,60,50,50,60,70,50,340
272,ludicolo,ルンパッパ,Runpappa,Ludicolo,Kappalores,Ludicolo,Water,Grass,,,,15,550,,271,3,,84,80,70,70,90,100,70,480
273,seedot,タネボー,Tanebo,Seedot,Samurzel,Grainipiot,Grass,,,,,5,40,274,,,,,40,40,50,30,30,30,220
274,nuzleaf,コノハナ,Konohana,Nuzleaf,Blanas,Pifeuil,Grass,Dark,,,,10,280,275,273,1,14,,70,70,40,60,40,60,340
275,shiftry,ダーテング,Datengu,Shiftry,Tengulist,Tengalice,Grass,Dark,,,,13,596,,274,3,,85,90,100,60,90,60,80,480
276,taillow,スバメ,Subame,Taillow,Schwalbini,Nirondelle,Normal,Flying,,,,3,23,277,,,,,40,55,30,30,30,85,270
277,swellow,オオスバメ,Oosubame,Swellow,Schwalboss,Hélédelle,Normal,Flying,,,,7,198,,276,1,22,,60,85,60,75,50,125,455
278,wingull,キャモメ,Kyamome,Wingull,Wingull,Goélise,Water,Flying,,,,6,95,279,,,,,40,30,30,55,30,85,270
279,pelipper,ペリッパー,Perippa,Pelipper,Pelipper,Bekipan,Water,Flying,,,,12,280,,278,1,25,,60,50,100,95,70,65,440
280,ralts,ラルトス,Rarutosu,Ralts,Trasla,Tarsal,Psychic,Fairy,,,,4,66,281,,,,,28,25,25,45,35,40,198
281,kirlia,サンドパン,Sandopan,Kirlia,Kirlia,Kirlia,Psychic,Fairy,,,,8,202,282 475,280,1,20,,38,35,35,65,55,50,278
282,gardevoir,サーナイト,Sanaito,Gardevoir,Guardevoir,Gardevoir,Psychic,Fairy,,,,16,484,,281,1,30,,68,65,65,125,115,80,518
283,surskit,アメタマ,Ametama,Surskit,Gehweiher,Arakdo,Bug,Water,,,,5,17,284,,,,,40,30,32,50,52,65,269
284,masquerain,アメモース,Amemosu,Masquerain,Maskeregen,Maskadra,Bug,Flying,,,,8,36,,283,1,22,,70,60,62,100,82,80,454
285,shroomish,キノココ,Kinokoko,Shroomish,Knilz,Balignon,Grass,,,,,4,45,286,,,,,60,40,60,40,60,35,295
286,breloom,キノガッサ,Kinogassa,Breloom,Kapilz,Chapignon,Grass,Fighting,,,,12,392,,285,1,23,,60,130,80,60,60,70,460
287,slakoth,ナマケロ,Namakero,Slakoth,Bummelz,Parecool,Normal,,,,,8,240,288,,,,,60,60,60,35,35,30,280
288,vigoroth,ヤルキモノ,Yarukimono,Vigoroth,Muntier,Vigoroth,Normal,,,,,14,465,289,287,1,18,,80,80,80,55,55,90,440
289,slaking,ケッキング,Kekkingu,Slaking,Letarking,Monaflèmit,Normal,,,,,20,1305,,288,1,36,,150,160,100,95,65,100,670
290,nincada,ツチニン,Tsuchinin,Nincada,Nincada,Ningale,Bug,Ground,,,,5,55,291 292,,,,,31,45,90,30,30,40,266
291,ninjask,テッカニン,Tekkanin,Ninjask,Ninjask,Ninjask,Bug,Flying,,,,8,120,,290,1,20,,61,90,45,50,50,160,456
292,shedinja,ヌケニン,Nukenin,Shedinja,Ninjatom,Munja,Bug,Ghost,,,,8,12,,290,4,,,1,90,45,30,30,40,236
293,whismur,ゴニョニョ,Gonyonyo,Whismur,Flurmel,Chuchmur,Normal,,,,,6,163,294,,,,,64,51,23,51,23,28,240
294,loudred,ドゴーム,Dogomu,Loudred,Krakeelo,Ramboum,Normal,,,,,10,405,295,293,1,20,,84,71,43,71,43,48,360
295,exploud,バクオング,Bakuongu,Exploud,Krawumms,Brouhabam,Normal,,,,,15,840,,294,1,40,,104,91,63,91,73,68,490
296,makuhita,マクノシタ,Makunoshita,Makuhita,Makuhita,Makuhita,Fighting,,,,,10,864,297,,,,,72,60,30,20,30,25,237
297,hariyama,ハリテヤマ,Hariteyama,Hariyama,Hariyama,Hariyama,Fighting,,,,,23,2538,,296,1,24,,144,120,60,40,60,50,474
298,azurill,ルリリ,Ruriri,Azurill,Azurill,Azurill,Normal,Fairy,,,,2,20,,,,,,50,20,40,20,40,20,190
299,nosepass,ノズパス,Nozupasu,Nosepass,Nasgnet,Tarinor,Rock,,,,,10,970,476,,,,,30,45,135,45,90,30,375
300,skitty,エネコ,Eneko,Skitty,Eneco,Skitty,Normal,,,,,6,110,301,,,,,50,45,45,35,35,50,260
301,delcatty,ニドリーナ,Nidorina,Delcatty,Enekoro,Delcatty,Normal,,,,,11,326,,300,3,,81,70,65,65,55,55,90,400
302,sableye,ヤミラミ,Yamirami,Sableye,Zobiris,Ténéfix,Dark,Ghost,,,,5,110,,,,,,50,75,75,65,65,50,380
303,mawile,クチート,Kuchito,Mawile,Flunkifer,Mysdibule,Steel,Fairy,,,,6,115,,,,,,50,85,85,55,55,50,380
304,aron,ココドラ,Kokodora,Aron,Stollunior,Galekid,Steel,Rock,,,,4,600,305,,,,,50,70,100,40,40,30,330
305,lairon,コドラ,Kodora,Lairon,Stollrak,Galegon,Steel,Rock,,,,9,1200,306,304,1,32,,60,90,140,50,50,40,430
306,aggron,ボスゴドラ,Bosugodora,Aggron,Stolloss,Galeking,Steel,Rock,,,,21,3600,,305,1,42,,70,110,180,60,60,50,530
307,meditite,アサナン,Asanan,Meditite,Meditie,Méditikka,Fighting,Psychic,,,,6,112,308,,,,,30,40,55,40,55,60,280
308,medicham,チャーレム,Charemu,Medicham,Meditalis,Charmina,Fighting,Psychic,,,,13,315,,307,1,37,,60,60,75,60,75,80,410
309,electrike,ラクライ,Rakurai,Electrike,Frizelbliz,Dynavolt,Electric,,,,,6,152,310,,,,,40,45,40,65,40,65,295
310,manectric,ライボルト,Raiboruto,Manectric,Voltenso,Élecsprint,Electric,,,,,15,402,,309,1,26,,70,75,60,105,60,105,475
311,plusle,ニドクイン,Nidokuin,Plusle,Plusle,Posipi,Electric,,,,,4,42,,,,,,60,50,40,85,75,95,405
312,minun,マイナン,Mainan,Minun,Minun,Négapi,Electric,,,,,4,42,,,,,,60,40,50,75,85,95,405
313,volbeat,バルビート,Barubito,Volbeat,Volbeat,Muciole,Bug,,,,,7,177,,,,,,65,73,75,47,85,85,430
314,illumise,イルミーゼ,Irumize,Illumise,Illumise,Lumivole,Bug,,,,,6,177,,,,,,65,47,75,73,85,85,430
315,roselia,ロゼリア,Rozeria,Roselia,Roselia,Rosélia,Grass,Poison,,,,3,20,407,406,1,,,50,60,45,100,80,65,400
316,gulpin,ゴクリン,Gokurin,Gulpin,Schluppuck,Gloupti,Poison,,,,,4,103,317,,,,,70,43,53,43,53,40,302
317,swalot,マルノーム,Marunomu,Swalot,Schlukwech,Avaltout,Poison,,,,,17,800,,316,1,26,,100,73,83,73,83,55,467
318,carvanha,キバニア,Kibania,Carvanha,Kanivanha,Carvanha,Water,Dark,,,,8,208,319,,,,,45,90,20,65,20,65,305
319,sharpedo,サメハダー,Samehada,Sharpedo,Tohaido,Sharpedo,Water,Dark,,,,18,888,,318,1,30,,70,120,40,95,40,95,460
320,wailmer,ホエルコ,Hoeruko,Wailmer,Wailmer,Wailmer,Water,,,,,20,1300,321,,,,,130,70,35,70,35,60,400
321,wailord,ホエルオー,hoeruo,Wailord,Wailord,Wailord,Water,,,,,145,3980,,320,1,40,,170,90,45,90,45,60,500
322,numel,ドンメル,Donmeru,Numel,Camaub,Chamallot,Fire,Ground,,,,7,240,323,,,,,60,60,40,65,45,35,305
323,camerupt,バクーダ,Bakuda,Camerupt,Camerupt,Camérupt,Fire,Ground,,,,19,2200,,322,1,33,,70,100,70,105,75,40,460
324,torkoal,コータス,Kotasu,Torkoal,Qurtel,Chartor,Fire,,,,,5,804,,,,,,70,85,140,85,70,20,470
325,spoink,バネブー,Banebu,Spoink,Spoink,Spoink,Psychic,,,,,7,306,326,,,,,60,25,35,70,80,60,330
326,grumpig,ブーピッグ,Bupiggu,Grumpig,Groink,Groret,Psychic,,,,,9,715,,325,1,32,,80,45,65,90,110,80,470
327,spinda,パッチール,Pacchiru,Spinda,Pandir,Spinda,Normal,,,,,11,50,,,,,,60,60,60,60,60,60,360
328,trapinch,ナックラー,Nakkura,Trapinch,Knacklion,Kraknoix,Ground,,,,,7,150,329,,,,,45,100,45,45,45,10,290
329,vibrava,ビブラーバ,Biburaba,Vibrava,Vibrava,Vibraninf,Ground,Dragon,,,,11,153,330,328,1,35,,50,70,50,50,50,70,340
330,flygon,フライゴン,Furaigon,Flygon,Libelldra,Libégon,Ground,Dragon,,,,20,820,,329,1,45,,80,100,80,80,80,100,520
331,cacnea,ニドリーノ,Nidorino,Cacnea,Tuska,Cacnea,Grass,,,,,4,513,332,,,,,50,85,40,85,40,35,335
332,cacturne,ノクタス,Nokutasu,Cacturne,Noktuska,Cacturne,Grass,Dark,,,,13,774,,331,1,32,,70,115,60,115,60,55,475
333,swablu,チルット,Chirutto,Swablu,Wablu,Tylton,Normal,Flying,,,,4,12,334,,,,,45,40,60,40,75,50,310
334,altaria,チルタリス,Chirutarisu,Altaria,Altaria,Altaria,Dragon,Flying,,,,11,206,,333,1,35,,75,70,90,70,105,80,490
335,zangoose,ザングース,Zangusu,Zangoose,Sengo,Mangriff,Normal,,,,,13,403,,,,,,73,115,60,60,60,90,458
336,seviper,ハブネーク,Habuneku,Seviper,Vipitis,Séviper,Poison,,,,,27,525,,,,,,73,100,60,100,60,65,458
337,lunatone,ルナトーン,Runaton,Lunatone,Lunastein,Séléroc,Rock,Psychic,,,,10,1680,,,,,,90,55,65,95,85,70,460
338,solrock,ソルロック,Sorurokku,Solrock,Sonnfel,Solaroc,Rock,Psychic,,,,12,1540,,,,,,90,95,85,55,65,70,460
339,barboach,ドジョッチ,Dojocchi,Barboach,Schmerbe,Barloche,Water,Ground,,,,4,19,340,,,,,50,48,43,46,41,60,288
340,whiscash,ナマズン,Namazun,Whiscash,Welsar,Barbicha,Water,Ground,,,,9,236,,339,1,30,,110,78,73,76,71,60,468
341,corphish,ニドキング,Nidokingu,Corphish,Krebscorps,Écrapince,Water,,,,,6,115,342,,,,,43,80,65,50,35,35,308
342,crawdaunt,シザリガー,Shizariga,Crawdaunt,Krebutack,Colhomard,Water,Dark,,,,11,328,,341,1,30,,63,120,85,90,55,55,468
343,baltoy,ヤジロン,Yajiron,Baltoy,Puppance,Balbuto,Ground,Psychic,,,,5,215,344,,,,,40,40,55,40,70,55,300
344,claydol,ネンドール,Nendoru,Claydol,Lepumentas,Kaorine,Ground,Psychic,,,,15,1080,,343,1,36,,60,70,105,70,120,75,500
345,lileep,リリーラ,Ririra,Lileep,Liliep,Lilia,Rock,Grass,,,,10,238,346,,,,,66,41,77,61,87,23,355
346,cradily,ユレイドル,Yureidoru,Cradily,Wielie,Vacilys,Rock,Grass,,,,15,604,,345,1,40,,86,81,97,81,107,43,495
347,anorith,アノプス,Anopusu,Anorith,Anorith,Anorith,Rock,Bug,,,,7,125,348,,,,,45,95,50,40,50,75,355
348,armaldo,アーマルド,Amarudo,Armaldo,Armaldo,Armaldo,Rock,Bug,,,,15,682,,347,1,40,,75,125,100,70,80,45,495
349,feebas,ヒンバス,Hinbasu,Feebas,Barschwa,Barpau,Water,,,,,6,74,350,,,,,20,15,20,10,55,80,200
350,milotic,ミロカロス,Mirokarosu,Milotic,Milotic,Milobellus,Water,,,,,62,1620,,349,1,,,95,60,79,100,125,81,540
351,castform,ピッピ,Pippi,Castform,Formeo,Morphéo,Normal,,,,,3,8,,,,,,70,70,70,70,70,70,420
352,kecleon,カクレオン,Kakureon,Kecleon,Kecleon,Kecleon,Normal,,,,,10,220,,,,,,60,90,70,60,120,40,440
353,shuppet,カゲボウズ,Kagebouzu,Shuppet,Shuppet,Polichombr,Ghost,,,,,6,23,354,,,,,44,75,35,63,33,45,295
354,banette,ジュペッタ,Jupetta,Banette,Banette,Branette,Ghost,,,,,11,125,,353,1,37,,64,115,65,83,63,65,455
355,duskull,ヨマワル,Yomawaru,Duskull,Zwirrlicht,Skelénox,Ghost,,,,,8,150,356,,,,,20,40,90,30,90,25,295
356,dusclops,サマヨール,Samayoru,Dusclops,Zwirrklop,Téraclope,Ghost,,,,,16,306,477,355,1,37,,40,70,130,60,130,25,455
357,tropius,トロピウス,Toropiusu,Tropius,Tropius,Tropius,Grass,Flying,,,,20,1000,,,,,,99,68,83,72,87,51,460
358,chimecho,チリーン,Chirin,Chimecho,Palimpalim,Éoko,Psychic,,,,,6,10,,433,1,,,75,50,80,95,90,65,455
359,absol,アブソル,Abusoru,Absol,Absol,Absol,Dark,,,,,12,470,,,,,,65,130,60,75,60,75,465
360,wynaut,ソーナノ,Sonano,Wynaut,Isso,Okéoké,Psychic,,,,,6,140,,,,,,95,23,48,23,48,23,260
361,snorunt,ピクシー,Pikushi,Snorunt,Schneppke,Stalgamin,Ice,,,,,7,168,362 478,,,,,50,50,50,50,50,50,300
362,glalie,オニゴーリ,Onigori,Glalie,Firnontor,Oniglali,Ice,,,,,15,2565,,361,1,42,,80,80,80,80,80,80,480
363,spheal,タマザラシ,Tamazarashi,Spheal,Seemops,Obalie,Ice,Water,,,,8,395,364,,,,,70,40,50,55,50,25,290
364,sealeo,トドグラー,Todogura,Sealeo,Seejong,Phogleur,Ice,Water,,,,11,876,365,363,1,32,,90,60,70,75,70,45,410
365,walrein,トドゼルガ,Todozeruga,Walrein,Walraisa,Kaimorse,Ice,Water,,,,14,1506,,364,1,44,,110,80,90,95,90,65,530
366,clamperl,パールル,Paruru,Clamperl,Perlu,Coquiperl,Water,,,,,4,525,367 368,,,,,35,64,85,74,55,32,345
367,huntail,ハンテール,Hanteru,Huntail,Aalabyss,Serpang,Water,,,,,17,270,,366,2,,,55,104,105,94,75,52,485
368,gorebyss,サクラビス,Sakurabisu,Gorebyss,Saganabyss,Rosabyss,Water,,,,,18,226,,366,2,,,55,84,105,114,75,52,485
369,relicanth,ジーランス,Jiransu,Relicanth,Relicanth,Relicanth,Water,Rock,,,,10,234,,,,,,100,90,130,45,65,55,485
370,luvdisc,ラブカス,Rabukasu,Luvdisc,Liebiskus,Lovdisc,Water,,,,,6,87,,,,,,43,30,55,40,65,97,330
371,bagon,ロコン,Rokon,Bagon,Kindwurm,Draby,Dragon,,,,,6,421,372,,,,,45,75,60,40,30,50,300
372,shelgon,コモルー,Komoru,Shelgon,Draschel,Drackhaus,Dragon,,,,,11,1105,373,371,1,30,,65,95,100,60,50,50,420
373,salamence,ボーマンダ,Bomanda,Salamence,Brutalanda,Drattak,Dragon,Flying,,,,15,1026,,372,1,50,,95,135,80,110,80,100,600
374,beldum,ダンバル,Danbaru,Beldum,Tanhel,Terhal,Steel,Psychic,,,,6,952,375,,,,,40,55,80,35,60,30,300
375,metang,メタング,Metangu,Metang,Metang,Métang,Steel,Psychic,,,,12,2025,376,374,1,20,,60,75,100,55,80,50,420
376,metagross,メタグロス,Metagurosu,Metagross,Metagross,Métalosse,Steel,Psychic,,,,16,5500,,375,1,45,,80,135,130,95,90,70,600
377,regirock,レジロック,Rejirokku,Regirock,Regirock,Regirock,Rock,,,1,,17,2300,,,,,,80,100,200,50,100,50,580
378,regice,レジアイス,Rejiaisu,Regice,Regice,Regice,Ice,,,1,,18,1750,,,,,,80,50,100,100,200,50,580
379,registeel,レジスチル,Rejisuchiru,Registeel,Registeel,Registeel,Steel,,,1,,19,2050,,,,,,80,75,150,75,150,50,580
380,latias,ラティアス,Ratiasu,Latias,Latias,Latias,Dragon,Psychic,,1,,14,400,,,,,,80,80,90,110,130,110,600
381,latios,キュウコン,Kyuukon,Latios,Latios,Latios,Dragon,Psychic,,1,,20,600,,,,,,80,90,80,130,110,110,600
382,kyogre,カイオーガ,Kaioga,Kyogre,Kyogre,Kyogre,Water,,,1,,45,3520,,,,,,100,100,90,150,140,90,670
383,groudon,グラードン,Guradon,Groudon,Groudon,Groudon,Ground,,,1,,35,9500,,,,,,100,150,140,100,90,90,670
384,rayquaza,レックウザ,Rekkuuza,Rayquaza,Rayquaza,Rayquaza,Dragon,Flying,,1,,70,2065,,,,,,105,150,90,150,90,95,680
385,jirachi,ジラーチ,Jirachi,Jirachi,Jirachi,Jirachi,Steel,Psychic,1,,,3,11,,,,,,100,100,100,100,100,100,600
386,deoxys,デオキシス,Deokishisu,Deoxys,Deoxys,Deoxys,Psychic,,1,,,17,608,,,,,,50,150,50,150,50,150,600
387,turtwig,ナエトル,Naetoru,Turtwig,Chelast,Tortipouss,Grass,,,,,4,102,388,,,,,55,68,64,45,55,31,318
388,grotle,ハヤシガメ,Hayashigame,Grotle,Chelcarain,Boskara,Grass,,,,,11,970,389,387,1,18,,75,89,85,55,65,36,405
389,torterra,ドダイトス,Dodaitosu,Torterra,Chelterrar,Torterra,Grass,Ground,,,,22,3100,,388,1,32,,95,109,105,75,85,56,525
390,chimchar,ヒコザル,Hikozaru,Chimchar,Panflam,Ouisticram,Fire,,,,,5,62,391,,,,,44,58,44,58,44,61,309
391,monferno,プリン,Purin,Monferno,Panpyro,Chimpenfeu,Fire,Fighting,,,,9,220,392,390,1,14,,64,78,52,78,52,81,405
392,infernape,ゴウカザル,Goukazaru,Infernape,Panferno,Simiabraz,Fire,Fighting,,,,12,550,,391,1,36,,76,104,71,104,71,108,534
393,piplup,ポッチャマ,Pocchama,Piplup,Plinfa,Tiplouf,Water,,,,,4,52,394,,,,,53,51,53,61,56,40,314
394,prinplup,ポッタイシ,Pottaishi,Prinplup,Pliprin,Prinplouf,Water,,,,,8,230,395,393,1,16,,64,66,68,81,76,50,405
395,empoleon,エンペルト,Enperuto,Empoleon,Impoleon,Pingoléon,Water,Steel,,,,17,845,,394,1,36,,84,86,88,111,101,60,530
396,starly,ムックル,Mukkuru,Starly,Staralili,Étourmi,Normal,Flying,,,,3,20,397,,,,,40,55,30,30,30,60,245
397,staravia,ムクバード,Mukubado,Staravia,Staravia,Étourvol,Normal,Flying,,,,6,155,398,396,1,14,,55,75,50,40,40,80,340
398,staraptor,ムクホーク,Mukuhoku,Staraptor,Staraptor,Étouraptor,Normal,Flying,,,,12,249,,397,1,34,,85,120,70,50,60,100,485
399,bidoof,ビッパ,Bippa,Bidoof,Bidiza,Keunotor,Normal,,,,,5,200,400,,,,,59,45,40,35,40,31,250
400,bibarel,ビーダル,Bidaru,Bibarel,Bidifas,Castorno,Normal,Water,,,,10,315,,399,1,15,,79,85,60,55,60,71,410
401,kricketot,プクリン,Pukurin,Kricketot,Zirpurze,Crikzik,Bug,,,,,3,22,402,,,,,37,25,41,25,41,25,194
402,kricketune,コロトック,Korotokku,Kricketune,Zirpeise,Mélokrik,Bug,,,,,10,255,,401,1,10,,77,85,51,55,51,65,384
403,shinx,コリンク,Korinku,Shinx,Sheinux,Lixy,Electric,,,,,5,95,404,,,,,45,65,34,40,34,45,263
404,luxio,ルクシオ,Rukushio,Luxio,Luxio,Luxio,Electric,,,,,9,305,405,403,1,15,,60,85,49,60,49,60,363
405,luxray,レントラー,Rentora,Luxray,Luxtra,Luxray,Electric,,,,,14,420,,404,1,30,,80,120,79,95,79,70,523
406,budew,スボミー,Subomi,Budew,Knospi,Rozbouton,Grass,Poison,,,,2,12,,,,,,40,30,35,50,70,55,280
407,roserade,ロズレイド,Rozureido,Roserade,Roserade,Roserade,Grass,Poison,,,,9,145,,315,3,,107,60,70,65,125,105,90,515
408,cranidos,ズガイドス,Zugaidosu,Cranidos,Koknodon,Kranidos,Rock,,,,,9,315,409,,,,,67,125,40,30,30,58,350
409,rampardos,ラムパルド,Ramuparudo,Rampardos,Rameidon,Charkos,Rock,,,,,16,1025,,408,1,30,,97,165,60,65,50,58,495
410,shieldon,タテトプス,Tatetopusu,Shieldon,Schilterus,Dinoclier,Rock,Steel,,,,5,570,411,,,,,30,42,118,42,88,30,350
411,bastiodon,ズバット,Zubatto,Bastiodon,Bollterus,Bastiodon,Rock,Steel,,,,13,1495,,410,1,30,,60,52,168,47,138,30,495
412,burmy,ミノムッチ,Minomucchi,Burmy,Burmy,Cheniti,Bug,,,,,2,34,413 414,,,,,40,29,45,29,45,36,224
413,wormadam,ミノマダム,Minomadamu,Wormadam,Burmadame,Cheniselle,Bug,Grass,,,,5,65,,412,1,20,,60,59,85,79,105,36,424
414,mothim,ガーメイル,Gameiru,Mothim,Moterpel,Papilord,Bug,Flying,,,,9,233,,412,1,20,,70,94,50,94,50,66,424
415,combee,ミツハニー,Mitsuhani,Combee,Wadribie,Apitrini,Bug,Flying,,,,3,55,416,,,,,30,30,42,30,42,70,244
416,vespiquen,ビークイン,Bikuin,Vespiquen,Honweisel,Apireine,Bug,Flying,,,,12,385,,415,1,21,,70,80,102,80,102,40,474
417,pachirisu,パチリス,Pachirisu,Pachirisu,Pachirisu,Pachirisu,Electric,,,,,4,39,,,,,,60,45,70,45,90,95,405
418,buizel,ブイゼル,Buizeru,Buizel,Bamelin,Mustébouée,Water,,,,,7,295,419,,,,,55,65,35,60,30,85,330
419,floatzel,フローゼル,Furozeru,Floatzel,Bojelin,Mustéflott,Water,,,,,11,335,,418,1,26,,85,105,55,85,50,115,495
420,cherubi,チェリンボ,Cherinbo,Cherubi,Kikugi,Ceribou,Grass,,,,,4,33,421,,,,,45,35,45,62,53,35,275
421,cherrim,ゴルバット,Gorubatto,Cherrim,Kinoso,Ceriflor,Grass,,,,,5,93,,420,1,25,,70,60,70,87,78,85,450
422,shellos,カラナクシ,Karanakushi,Shellos,Schalellos,Sancoki,Water,,,,,3,63,423,,,,,76,48,48,57,62,34,325
423,gastrodon,トリトドン,Toritodon,Gastrodon,Gastrodon,Tritosor,Water,Ground,,,,9,299,,422,1,30,,111,83,68,92,82,39,475
424,ambipom,エテボース,Etebosu,Ambipom,Ambidiffel,Capidextre,Normal,,,,,12,203,,190,1,,,75,100,66,60,66,115,482
425,drifloon,フワンテ,Fuwante,Drifloon,Driftlon,Baudrive,Ghost,Flying,,,,4,12,426,,,,,90,50,34,60,44,70,348
426,drifblim,フワライド,Fuwaraido,Drifblim,Drifzepeli,Grodrive,Ghost,Flying,,,,12,150,,425,1,28,,150,80,44,90,54,80,498
427,buneary,ミミロル,Mimiroru,Buneary,Haspiror,Laporeille,Normal,,,,,4,55,428,,,,,55,66,44,44,56,85,350
428,lopunny,ミミロップ,Mimiroppu,Lopunny,Schlapor,Lockpin,Normal,,,,,12,333,,427,1,,,65,76,84,54,96,105,480
429,mismagius,ムウマージ,Muumaji,Mismagius,Traunmagil,Magirêve,Ghost,,,,,9,44,,200,3,,108,60,60,60,105,105,105,495
430,honchkrow,ドンカラス,Donkarasu,Honchkrow,Kramshef,Corboss,Dark,Flying,,,,9,273,,198,3,,108,100,125,52,105,52,71,505
431,glameow,ナゾノクサ,Nazonokusa,Glameow,Charmian,Chaglam,Normal,,,,,5,39,432,,,,,49,55,42,42,37,85,310
432,purugly,ブニャット,Bunyatto,Purugly,Shnurgarst,Chaffreux,Normal,,,,,10,438,,431,1,38,,71,82,64,64,59,112,452
433,chingling,リーシャン,Rishan,Chingling,Klingplim,Korillon,Psychic,,,,,2,6,,,,,,45,30,50,65,50,45,285
434,stunky,スカンプー,Sukanpu,Stunky,Skunkapuh,Moufouette,Poison,Dark,,,,4,192,435,,,,,63,63,47,41,41,74,329
435,skuntank,スカタンク,Sukatanku,Skuntank,Skuntank,Moufflair,Poison,Dark,,,,10,380,,434,1,34,,103,93,67,71,61,84,479
436,bronzor,ドーミラー,Domira,Bronzor,Bronzel,Archéomire,Steel,Psychic,,,,5,605,437,,,,,57,24,86,24,86,23,300
437,bronzong,ドータクン,Dotakun,Bronzong,Bronzong,Archéodong,Steel,Psychic,,,,13,1870,,436,1,33,,67,89,116,79,116,33,500
438,bonsly,ウソハチ,Usohachi,Bonsly,Mobai,Manzaï,Rock,,,,,5,150,,,,,,50,80,95,10,45,10,290
439,mime-jr,マネネ,Manene,Mime Jr.,Pantimimi,Mime Jr.,Psychic,Fairy,,,,6,130,,,,,,20,25,45,70,90,60,310
440,happiny,ピンプク,Pinpuku,Happiny,Wonneira,Ptiravi,Normal,,,,,6,244,,,,,,100,5,5,15,65,30,220
441,chatot,クサイハナ,Kusaihana,Chatot,Plaudagei,Pijako,Normal,Flying,,,,5,19,,,,,,76,65,45,92,42,91,411
442,spiritomb,ミカルゲ,Mikaruge,Spiritomb,Kryppuk,Spiritomb,Ghost,Dark,,,,10,1080,,,,,,50,92,108,92,108,35,485
443,gible,フカマル,Fukamaru,Gible,Kaumalat,Griknot,Dragon,Ground,,,,7,205,444,,,,,58,70,45,40,45,42,300
444,gabite,ガバイト,Gabaito,Gabite,Knarksel,Carmache,Dragon,Ground,,,,14,560,445,443,1,24,,68,90,65,50,55,82,410
445,garchomp,ガブリアス,Gaburiasu,Garchomp,Knakrack,Carchacrok,Dragon,Ground,,,,19,950,,444,1,48,,108,130,95,80,85,102,600
446,munchlax,ゴンベ,Gonbe,Munchlax,Mampfaxo,Goinfrex,Normal,,,,,6,1050,,,,,,135,85,40,40,85,5,390
447,riolu,リオル,Rioru,Riolu,Riolu,Riolu,Fighting,,,,,7,202,448,,,,,40,70,40,35,40,60,285
448,lucario,ルカリオ,Rukario,Lucario,Lucario,Lucario,Fighting,Steel,,,,12,540,,447,1,,,70,110,70,115,70,90,525
449,hippopotas,ヒポポタス,Hipopotasu,Hippopotas,Hippopotas,Hippopotas,Ground,,,,,8,495,450,,,,,68,72,78,38,42,32,330
450,hippowdon,カバルドン,Kabarudon,Hippowdon,Hippoterus,Hippodocus,Ground,,,,,20,3000,,449,1,34,,108,112,118,68,72,47,525
451,skorupi,ラフレシア,Rafureshia,Skorupi,Pionskora,Rapion,Poison,Bug,,,,8,120,452,,,,,40,50,90,30,55,65,330
452,drapion,ドラピオン,Dorapion,Drapion,Piondragi,Drascore,Poison,Dark,,,,13,615,,451,1,40,,70,90,110,60,75,95,500
453,croagunk,グレッグル,Guregguru,Croagunk,Glibunkel,Cradopaud,Poison,Fighting,,,,7,230,454,,,,,48,61,40,61,40,50,300
454,toxicroak,ドクロッグ,Dokuroggu,Toxicroak,Toxiquak,Coatox,Poison,Fighting,,,,13,444,,453,1,37,,83,106,65,86,65,85,490
455,carnivine,マスキッパ,Masukippa,Carnivine,Venuflibis,Vortente,Grass,,,,,14,270,,,,,,74,100,72,90,72,46,454
456,finneon,ケイコウオ,Keikouo,Finneon,Finneon,Écayon,Water,,,,,4,70,457,,,,,49,49,56,49,61,66,330
457,lumineon,ネオラント,Neoranto,Lumineon,Lumineon,Luminéon,Water,,,,,12,240,,456,1,31,,69,69,76,69,86,91,460
458,mantyke,タマンタ,Tamanta,Mantyke,Mantirps,Babimanta,Water,Flying,,,,10,650,,,,,,45,20,50,60,120,50,345
459,snover,ユキカブリ,Yukikaburi,Snover,Shnebedeck,Blizzi,Grass,Ice,,,,10,505,460,,,,,60,62,50,62,60,40,334
460,abomasnow,ユキノオー,Yukinoo,Abomasnow,Rexblisar,Blizzaroi,Grass,Ice,,,,22,1355,,459,1,40,,90,92,75,92,85,60,494
461,weavile,パラス,Parasu,Weavile,Snibunna,Dimoret,Dark,Ice,,,,11,340,,215,1,,,70,120,65,45,85,125,510
462,magnezone,ジバコイル,Jibakoiru,Magnezone,Magnezone,Magnézone,Electric,Steel,,,,12,1800,,82,1,,,70,70,115,130,90,60,535
463,lickilicky,ベロベルト,Beroberuto,Lickilicky,Schlurplek,Coudlangue,Normal,,,,,17,1400,,108,1,,,110,85,95,80,95,50,515
464,rhyperior,ドサイドン,Dosaidon,Rhyperior,Rihornior,Rhinastoc,Ground,Rock,,,,24,2828,,112,2,,,115,140,130,55,55,40,535
465,tangrowth,モジャンボ,Mojanbo,Tangrowth,Tangoloss,Bouldeneu,Grass,,,,,20,1286,,114,1,,,100,100,125,110,50,50,535
466,electivire,エレキブル,Erekiburu,Electivire,Elevoltek,Élekable,Electric,,,,,18,1386,,125,2,,,75,123,67,95,85,95,540
467,magmortar,ブーバーン,Buban,Magmortar,Magbrant,Maganon,Fire,,,,,16,680,,126,2,,,75,95,67,125,95,83,540
468,togekiss,トゲキッス,Togekissu,Togekiss,Togekiss,Togekiss,Fairy,Flying,,,,15,380,,176,3,,107,85,50,95,120,115,80,545
469,yanmega,メガヤンマ,Megayanma,Yanmega,Yanmega,Yanmega,Bug,Flying,,,,19,515,,193,1,,,86,76,86,116,56,95,515
470,leafeon,リーフィア,Rifia,Leafeon,Folipurba,Phyllali,Grass,,,,,10,255,,133,1,,,65,110,130,60,65,95,525
471,glaceon,パラセクト,Parasekuto,Glaceon,Glaziola,Givrali,Ice,,,,,8,259,,133,1,,,65,60,110,130,95,65,525
472,gliscor,グライオン,Guraion,Gliscor,Skorgro,Scorvol,Ground,Flying,,,,20,425,,207,1,,,75,95,125,45,75,95,510
473,mamoswine,マンムー,Manmu,Mamoswine,Mamutel,Mammochon,Ice,Ground,,,,25,2910,,221,1,,,110,130,80,70,60,80,530
474,porygon-z,ポリゴンＺ,Porigon,Porygon-Z,Porygon-Z,Porygon-Z,Normal,,,,,9,340,,233,2,,,85,80,70,135,75,90,535
475,gallade,エルレイド,Erureido,Gallade,Galagladi,Gallame,Psychic,Fighting,,,,16,520,,281,3,,109,68,125,65,65,115,80,518
476,probopass,ダイノーズ,Dainozu,Probopass,Voluminas,Tarinorme,Rock,Steel,,,,14,3400,,299,1,,,60,55,145,75,150,40,525
477,dusknoir,ヨノワール,Yonowaru,Dusknoir,Zwirrfinst,Noctunoir,Ghost,,,,,22,1066,,356,2,,,45,100,135,65,135,45,525
478,froslass,ユキメノコ,Yukimenoko,Froslass,Frosdedje,Momartik,Ice,Ghost,,,,13,266,,361,3,,109,70,80,70,80,70,110,480
479,rotom,ロトム,Rotomu,Rotom,Rotom,Motisma,Electric,Ghost,,,,3,3,,,,,,50,50,77,95,77,91,440
480,uxie,ユクシー,Yukushi,Uxie,Selfe,Créhelf,Psychic,,,1,,3,3,,,,,,75,75,130,75,130,95,580
481,mesprit,コンパン,Konpan,Mesprit,Vesprit,Créfollet,Psychic,,,1,,3,3,,,,,,80,105,105,105,105,80,580
482,azelf,アグノム,Agunomu,Azelf,Tobutz,Créfadet,Psychic,,,1,,3,3,,,,,,75,125,70,125,70,115,580
483,dialga,ディアルガ,Diaruga,Dialga,Dialga,Dialga,Steel,Dragon,,1,,54,6830,,,,,,100,120,120,150,100,90,680
484,palkia,パルキア,Parukia,Palkia,Palkia,Palkia,Water,Dragon,,1,,42,3360,,,,,,90,120,100,150,120,100,680
485,heatran,ヒードラン,Hidoran,Heatran,Heatran,Heatran,Fire,Steel,,1,,17,4300,,,,,,91,90,106,130,106,77,600
486,regigigas,レジギガス,Rejigigasu,Regigigas,Regigigas,Regigigas,Normal,,,1,,37,4200,,,,,,110,160,110,80,110,100,670
487,giratina,ギラティナ,Giratina,Giratina,Giratina,Giratina,Ghost,Dragon,,1,,45,7500,,,,,,150,100,120,100,120,90,680
488,cresselia,クレセリア,Kureseria,Cresselia,Cresselia,Cresselia,Psychic,,,1,,15,856,,,,,,120,70,120,75,130,85,600
489,phione,フィオネ,Fione,Phione,Phione,Phione,Water,,1,,,4,31,,,,,,80,80,80,80,80,80,480
490,manaphy,マナフィ,Manafi,Manaphy,Manaphy,Manaphy,Water,,1,,,3,14,,,,,,100,100,100,100,100,100,600
491,darkrai,モルフォン,Morufon,Darkrai,Darkrai,Darkrai,Dark,,1,,,15,505,,,,,,70,90,90,135,90,125,600
492,shaymin,シェイミ,Sheimi,Shaymin,Shaymin,Shaymin,Grass,,1,,,2,21,,,,,,100,100,100,100,100,100,600
493,arceus,アルセウス,Aruseusu,Arceus,Arceus,Arceus,Normal,,1,,,32,3200,,,,,,120,120,120,120,120,120,720
494,victini,ビクティニ,Bikutini,Victini,Victini,Victini,Psychic,Fire,1,,,4,40,,,,,,100,100,100,100,100,100,600
495,snivy,ツタージャ,Tsutaja,Snivy,Serpifeu,Vipélierre,Grass,,,,,6,81,496,,,,,45,45,55,45,55,63,308
496,servine,ジャノビー,Janobi,Servine,Efoserp,Lianaja,Grass,,,,,8,160,497,495,1,17,,60,60,75,60,75,83,413
497,serperior,ジャローダ,Jaroda,Serperior,Serpiroyal,Majaspic,Grass,,,,,33,630,,496,1,36,,75,75,95,75,95,113,528
498,tepig,ポカブ,Pokabu,Tepig,Floink,Gruikui,Fire,,,,,5,99,499,,,,,65,63,45,45,45,45,308
499,pignite,チャオブー,Chaobu,Pignite,Ferkokel,Grotichon,Fire,Fighting,,,,10,555,500,498,1,17,,90,93,55,70,55,55,418
500,emboar,エンブオー,Enbuo,Emboar,Flambirex,Roitiflam,Fire,Fighting,,,,16,1500,,499,1,36,,110,123,65,100,65,65,528
501,oshawott,ディグダ,Diguda,Oshawott,Ottaro,Moustillon,Water,,,,,5,59,502,,,,,55,55,45,63,45,45,308
502,dewott,フタチマル,Futachimaru,Dewott,Zwottronin,Mateloutre,Water,,,,,8,245,503,501,1,17,,75,75,60,83,60,60,413
503,samurott,ダイケンキ,Daikenki,Samurott,Admurai,Clamiral,Water,,,,,15,946,,502,1,36,,95,100,85,108,70,70,528
504,patrat,ミネズミ,Minezumi,Patrat,Nagelotz,Ratentif,Normal,,,,,5,116,505,,,,,45,55,39,35,39,42,255
505,watchog,ミルホッグ,Miruhoggu,Watchog,Kukmarda,Miradar,Normal,,,,,11,270,,504,1,20,,60,85,69,60,69,77,420
506,lillipup,ヨーテリー,Yoteri,Lillipup,Yorkleff,Ponchiot,Normal,,,,,4,41,507,,,,,45,60,45,25,45,55,275
507,herdier,ハーデリア,Haderia,Herdier,Terribark,Ponchien,Normal,,,,,9,147,508,506,1,16,,65,80,65,35,65,60,370
508,stoutland,ムーランド,Murando,Stoutland,Bissbark,Mastouffe,Normal,,,,,12,610,,507,1,32,,85,110,90,45,90,80,500
509,purrloin,チョロネコ,Choroneko,Purrloin,Felilou,Chacripan,Dark,,,,,4,101,510,,,,,41,50,37,50,37,66,281
510,liepard,レパルダス,Reparudasu,Liepard,Kleoparda,Léopardus,Dark,,,,,11,375,,509,1,20,,64,88,50,88,50,106,446
511,pansage,ダグトリオ,Dagutorio,Pansage,Vegimak,Feuillajou,Grass,,,,,6,105,512,,,,,50,53,48,53,48,64,316
512,simisage,ヤナッキー,Yanakki,Simisage,Vegichita,Feuiloutan,Grass,,,,,11,305,,511,3,,85,75,98,63,98,63,101,498
513,pansear,バオップ,Baoppu,Pansear,Grillmak,Flamajou,Fire,,,,,6,110,514,,,,,50,53,48,53,48,64,316
514,simisear,バオッキー,Baokki,Simisear,Grillchita,Flamoutan,Fire,,,,,10,280,,513,3,,82,75,98,63,98,63,101,498
515,panpour,ヒヤップ,Hiyappu,Panpour,Sodamak,Flotajou,Water,,,,,6,135,516,,,,,50,53,48,53,48,64,316
516,simipour,ヒヤッキー,Hiyakki,Simipour,Sodachita,Flotoutan,Water,,,,,10,290,,515,3,,84,75,98,63,98,63,101,498
517,munna,ムンナ,Munna,Munna,Somniam,Munna,Psychic,,,,,6,233,518,,,,,76,25,45,67,55,24,292
518,musharna,ムシャーナ,Mushana,Musharna,Somnivora,Mushana,Psychic,,,,,11,605,,517,3,,81,116,55,85,107,95,29,487
519,pidove,マメパト,Mamepato,Pidove,Dusselgurr,Poichigeon,Normal,Flying,,,,3,21,520,,,,,50,55,50,36,30,43,264
520,tranquill,ハトーボー,Hatobo,Tranquill,Navitaub,Colombeau,Normal,Flying,,,,6,150,521,519,1,21,,62,77,62,50,42,65,358
521,unfezant,ニャース,Nyasu,Unfezant,Fasasnob,Déflaisan,Normal,Flying,,,,12,290,,520,1,32,,80,115,80,65,55,93,488
522,blitzle,シママ,Shimama,Blitzle,Elezeba,Zébibron,Electric,,,,,8,298,523,,,,,45,60,32,50,32,76,295
523,zebstrika,ゼブライカ,Zeburaika,Zebstrika,Zebritz,Zéblitz,Electric,,,,,16,795,,522,1,27,,75,100,63,80,63,116,497
524,roggenrola,ダンゴロ,Dangoro,Roggenrola,Kiesling,Nodulithe,Rock,,,,,4,180,525,,,,,55,75,85,25,25,15,280
525,boldore,ガントル,Gantoru,Boldore,Sedimantur,Géolithe,Rock,,,,,9,1020,526,524,1,25,,70,105,105,50,40,20,390
526,gigalith,ギガイアス,Gigaiasu,Gigalith,Brockoloss,Gigalithe,Rock,,,,,17,2600,,525,2,,,85,135,130,60,80,25,515
527,woobat,コロモリ,Koromori,Woobat,Fleknoil,Chovsourir,Psychic,Flying,,,,4,21,528,,,,,65,45,43,55,43,72,323
528,swoobat,ココロモリ,Kokoromori,Swoobat,Fletiamo,Rhinolove,Psychic,Flying,,,,9,105,,527,1,,,67,57,55,77,55,114,425
529,drilbur,モグリュー,Moguryu,Drilbur,Rotomurf,Rototaupe,Ground,,,,,3,85,530,,,,,60,85,40,30,45,68,328
530,excadrill,ドリュウズ,Doryuuzu,Excadrill,Stalobor,Minotaupe,Ground,Steel,,,,7,404,,529,1,31,,110,135,60,50,65,88,508
531,audino,ペルシアン,Perushian,Audino,Ohrdoch,Nanméouïe,Normal,,,,,11,310,,,,,,103,60,86,60,86,50,445
532,timburr,ドッコラー,Dokkora,Timburr,Praktibalk,Charpenti,Fighting,,,,,6,125,533,,,,,75,80,55,25,35,35,305
533,gurdurr,ドテッコツ,Dotekkotsu,Gurdurr,Strepoli,Ouvrifier,Fighting,,,,,12,400,534,532,1,25,,85,105,85,40,50,40,405
534,conkeldurr,ローブシン,Robushin,Conkeldurr,Meistagrif,Bétochef,Fighting,,,,,14,870,,533,2,,,105,140,95,55,65,45,505
535,tympole,オタマロ,Otamaro,Tympole,Schallquap,Tritonde,Water,,,,,5,45,536,,,,,50,50,40,50,40,64,294
536,palpitoad,ガマガル,Gamagaru,Palpitoad,Mebrana,Batracné,Water,Ground,,,,8,170,537,535,1,25,,75,65,55,65,55,69,384
537,seismitoad,ガマゲロゲ,Gamageroge,Seismitoad,Branawarz,Crapustule,Water,Ground,,,,15,620,,536,1,36,,105,95,75,85,75,74,509
538,throh,ナゲキ,Nageki,Throh,Jiutesto,Judokrak,Fighting,,,,,13,555,,,,,,120,100,85,30,85,45,465
539,sawk,ダゲキ,Dageki,Sawk,Karadonis,Karaclée,Fighting,,,,,14,510,,,,,,75,125,75,30,75,85,465
540,sewaddle,クルミル,Kurumiru,Sewaddle,Strawickl,Larveyette,Bug,Grass,,,,3,25,541,,,,,45,53,70,40,60,42,310
541,swadloon,コダック,Kodakku,Swadloon,Folikon,Couverdure,Bug,Grass,,,,5,73,542,540,1,20,,55,63,90,50,80,42,380
542,leavanny,ハハコモリ,Hahakomori,Leavanny,Matrifol,Manternel,Bug,Grass,,,,12,205,,541,1,,,75,103,80,70,80,92,500
543,venipede,フシデ,Fushide,Venipede,Toxiped,Venipatte,Bug,Poison,,,,4,53,544,,,,,30,45,59,30,39,57,260
544,whirlipede,ホイーガ,Hoiga,Whirlipede,Rollum,Scobolide,Bug,Poison,,,,12,585,545,543,1,22,,40,55,99,40,79,47,360
545,scolipede,ペンドラー,Pendora,Scolipede,Cerapendra,Brutapode,Bug,Poison,,,,25,2005,,544,1,30,,60,100,89,55,69,112,485
546,cottonee,モンメン,Monmen,Cottonee,Waumboll,Doudouvet,Grass,Fairy,,,,3,6,547,,,,,40,27,60,37,50,66,280
547,whimsicott,エルフーン,Erufun,Whimsicott,Elfun,Farfaduvet,Grass,Fairy,,,,7,66,,546,3,,80,60,67,85,77,75,116,480
548,petilil,チュリネ,Churine,Petilil,Lilminip,Chlorobule,Grass,,,,,5,66,549,,,,,45,35,50,70,50,30,280
549,lilligant,ドレディア,Doredia,Lilligant,Dressella,Fragilady,Grass,,,,,11,163,,548,3,,80,70,60,75,110,75,90,480
550,basculin,バスラオ,Basurao,Basculin,Barschuft,Bargantua,Water,,,,,10,180,,,,,,70,92,65,80,55,98,460
551,sandile,ゴルダック,Gorudakku,Sandile,Ganovil,Mascaïman,Ground,Dark,,,,7,152,552,,,,,50,72,35,35,35,65,292
552,krokorok,ワルビル,Warubiru,Krokorok,Rokkaiman,Escroco,Ground,Dark,,,,10,334,553,551,1,29,,60,82,45,45,45,74,351
553,krookodile,ワルビアル,Warubiaru,Krookodile,Rabigator,Crocorible,Ground,Dark,,,,15,963,,552,1,40,,95,117,80,65,70,92,519
554,darumaka,ダルマッカ,Darumakka,Darumaka,Flampion,Darumarond,Fire,,,,,6,375,555,,,,,70,90,45,15,45,50,315
555,darmanitan,ヒヒダルマ,Hihidaruma,Darmanitan,Flampivian,Darumacho,Fire,,,,,13,929,,554,1,35,,105,140,55,30,55,95,480
556,maractus,マラカッチ,Marakacchi,Maractus,Maracamba,Maracachi,Grass,,,,,10,280,,,,,,75,86,67,106,67,60,461
557,dwebble,イシズマイ,Ishizumai,Dwebble,Lithomith,Crabicoque,Bug,Rock,,,,3,145,558,,,,,50,65,85,35,35,55,325
558,crustle,イワパレス,Iwaparesu,Crustle,Castellith,Crabaraque,Bug,Rock,,,,14,2000,,557,1,34,,70,105,125,65,75,45,485
559,scraggy,ズルッグ,Zuruggu,Scraggy,Zurrokex,Baggiguane,Dark,Fighting,,,,6,118,560,,,,,50,75,70,35,70,48,348
560,scrafty,ズルズキン,Zuruzukin,Scrafty,Irokex,Baggaïd,Dark,Fighting,,,,11,300,,559,1,39,,65,90,115,45,115,58,488
561,sigilyph,マンキー,Manki,Sigilyph,Symvolara,Cryptéro,Psychic,Flying,,,,14,140,,,,,,72,58,80,103,80,97,490
562,yamask,デスマス,Desumasu,Yamask,Makabaja,Tutafeh,Ghost,,,,,5,15,563,,,,,38,30,85,55,65,30,303
563,cofagrigus,デスカーン,Desukan,Cofagrigus,Echnatoll,Tutankafer,Ghost,,,,,17,765,,562,1,34,,58,50,145,95,105,30,483
564,tirtouga,プロトーガ,Purotoga,Tirtouga,Galapaflos,Carapagos,Water,Rock,,,,7,165,565,,,,,54,78,103,53,45,22,355
565,carracosta,アバゴーラ,Abagora,Carracosta,Karippas,Mégapagos,Water,Rock,,,,12,810,,564,1,37,,74,108,133,83,65,32,495
566,archen,アーケン,Aken,Archen,Flapteryx,Arkéapti,Rock,Flying,,,,5,95,567,,,,,55,112,45,74,45,70,401
567,archeops,アーケオス,Akeosu,Archeops,Aeropteryx,Aéroptéryx,Rock,Flying,,,,14,320,,566,1,37,,75,140,65,112,65,110,567
568,trubbish,ヤブクロン,Yabukuron,Trubbish,Unratütox,Miamiasme,Poison,,,,,6,310,569,,,,,50,50,62,40,62,65,329
569,garbodor,ダストダス,Dasutodasu,Garbodor,Deponitox,Miasmax,Poison,,,,,19,1073,,568,1,36,,80,95,82,60,82,75,474
570,zorua,ゾロア,Zoroa,Zorua,Zorua,Zorua,Dark,,,,,7,125,571,,,,,40,65,40,80,40,65,330
571,zoroark,オコリザル,Okorizaru,Zoroark,Zoroark,Zoroark,Dark,,,,,16,811,,570,1,30,,60,105,60,120,60,105,510
572,minccino,チラーミィ,Chiramixi,Minccino,Picochilla,Chinchidou,Normal,,,,,4,58,573,,,,,55,50,40,40,40,75,300
573,cinccino,チラチーノ,Chirachino,Cinccino,Chillabell,Pashmilla,Normal,,,,,5,75,,572,3,,107,75,95,60,65,60,115,470
574,gothita,ゴチム,Gochimu,Gothita,Mollimorba,Scrutella,Psychic,,,,,4,58,575,,,,,45,30,50,55,65,45,290
575,gothorita,ゴチミル,Gochimiru,Gothorita,Hypnomorba,Mesmérella,Psychic,,,,,7,180,576,574,1,32,,60,45,70,75,85,55,390
576,gothitelle,ゴチルゼル,Gochiruzeru,Gothitelle,Morbitesse,Sidérella,Psychic,,,,,15,440,,575,1,41,,70,55,95,95,110,65,490
577,solosis,ユニラン,Yuniran,Solosis,Monozyto,Nucléos,Psychic,,,,,3,10,578,,,,,45,30,40,105,50,20,290
578,duosion,ダブラン,Daburan,Duosion,Mitodos,Méios,Psychic,,,,,6,80,579,577,1,32,,65,40,50,125,60,30,370
579,reuniclus,ランクルス,Rankurusu,Reuniclus,Zytomega,Symbios,Psychic,,,,,10,201,,578,1,41,,110,65,75,125,85,30,490
580,ducklett,コアルヒー,Koaruhi,Ducklett,Piccolente,Couaneton,Water,Flying,,,,5,55,581,,,,,62,44,50,44,50,55,305
581,swanna,ガーディ,Gadi,Swanna,Swaroness,Lakmécygne,Water,Flying,,,,13,242,,580,1,35,,75,87,63,87,63,98,473
582,vanillite,バニプッチ,Banipucchi,Vanillite,Gelatini,Sorbébé,Ice,,,,,4,57,583,,,,,36,50,50,65,60,44,305
583,vanillish,バニリッチ,Baniricchi,Vanillish,Gelatroppo,Sorboul,Ice,,,,,11,410,584,582,1,35,,51,65,65,80,75,59,395
584,vanilluxe,バイバニラ,Baibanira,Vanilluxe,Gelatwino,Sorbouboul,Ice,,,,,13,575,,583,1,47,,71,95,85,110,95,79,535
585,deerling,シキジカ,Shikijika,Deerling,Sesokitz,Vivaldaim,Normal,Grass,,,,6,195,586,,,,,60,60,50,40,50,75,335
586,sawsbuck,メブキジカ,Mebukijika,Sawsbuck,Kronjuwild,Haydaim,Normal,Grass,,,,19,925,,585,1,34,,80,100,70,60,70,95,475
587,emolga,エモンガ,Emonga,Emolga,Emolga,Emolga,Electric,Flying,,,,4,50,,,,,,55,75,60,75,60,103,428
588,karrablast,カブルモ,Kaburumo,Karrablast,Laukaps,Carabing,Bug,,,,,5,59,589,,,,,50,75,45,40,45,60,315
589,escavalier,シュバルゴ,Shubarugo,Escavalier,Cavalanzas,Lançargot,Bug,Steel,,,,10,330,,588,2,,,70,135,105,60,105,20,495
590,foongus,タマゲタケ,Tamagetake,Foongus,Tarnpignon,Trompignon,Grass,Poison,,,,2,10,591,,,,,69,55,45,55,55,15,294
591,amoonguss,ウインディ,Uindi,Amoonguss,Hutsassa,Gaulet,Grass,Poison,,,,6,105,,590,1,39,,114,85,70,85,80,30,464
592,frillish,プルリル,Pururiru,Frillish,Quabbel,Viskuse,Water,Ghost,,,,12,330,593,,,,,55,40,50,65,85,40,335
593,jellicent,ブルンゲル,Burungeru,Jellicent,Apoquallyp,Moyade,Water,Ghost,,,,22,1350,,592,1,40,,100,60,70,85,105,60,480
594,alomomola,ママンボウ,Mamanbou,Alomomola,Mamolida,Mamanbo,Water,,,,,12,316,,,,,,165,75,80,40,45,65,470
595,joltik,バチュル,Bachuru,Joltik,Wattzapf,Statitik,Bug,Electric,,,,1,6,596,,,,,50,47,50,57,50,65,319
596,galvantula,デンチュラ,Denchura,Galvantula,Voltula,Mygavolt,Bug,Electric,,,,8,143,,595,1,36,,70,77,60,97,60,108,472
597,ferroseed,テッシード,Tesshido,Ferroseed,Kastadur,Grindur,Grass,Steel,,,,6,188,598,,,,,44,50,91,24,86,10,305
598,ferrothorn,ナットレイ,Nattorei,Ferrothorn,Tentantel,Noacier,Grass,Steel,,,,10,1100,,597,1,40,,74,94,131,54,116,20,489
599,klink,ギアル,Giaru,Klink,Klikk,Tic,Steel,,,,,3,210,600,,,,,40,55,70,45,60,30,300
600,klang,ギギアル,Gigiaru,Klang,Kliklak,Clic,Steel,,,,,6,510,601,599,1,38,,60,80,95,70,85,50,440
601,klinklang,ニョロモ,Nyoromo,Klinklang,Klikdiklak,Cliticlic,Steel,,,,,6,810,,600,1,49,,60,100,115,70,85,90,520
602,tynamo,シビシラス,Shibishirasu,Tynamo,Zapplardin,Anchwatt,Electric,,,,,2,3,603,,,,,35,55,40,45,40,60,275
603,eelektrik,シビビール,Shibibiru,Eelektrik,Zapplalek,Lampéroie,Electric,,,,,12,220,604,602,1,39,,65,85,70,75,70,40,405
604,eelektross,シビルドン,Shibirudon,Eelektross,Zapplarang,Ohmassacre,Electric,,,,,21,805,,603,3,,83,85,115,80,105,80,50,515
605,elgyem,リグレー,Rigure,Elgyem,Pygraulon,Lewsor,Psychic,,,,,5,90,606,,,,,55,55,55,85,55,30,335
606,beheeyem,オーベム,Obemu,Beheeyem,Megalon,Neitram,Psychic,,,,,10,345,,605,1,42,,75,75,75,125,95,40,485
607,litwick,ヒトモシ,Hitomoshi,Litwick,Lichtel,Funécire,Ghost,Fire,,,,3,31,608,,,,,50,30,55,65,55,20,275
608,lampent,ランプラー,Ranpura,Lampent,Laternecto,Mélancolux,Ghost,Fire,,,,6,130,609,607,1,41,,60,40,60,95,60,55,370
609,chandelure,シャンデラ,Shandera,Chandelure,Skelabra,Lugulabre,Ghost,Fire,,,,10,343,,608,3,,108,60,55,90,145,90,80,520
610,axew,キバゴ,Kibago,Axew,Milza,Coupenotte,Dragon,,,,,6,180,611,,,,,46,87,60,30,40,57,320
611,fraxure,ニョロゾ,Nyorozo,Fraxure,Sharfax,Incisache,Dragon,,,,,10,360,612,610,1,38,,66,117,70,40,50,67,410
612,haxorus,オノノクス,Ononokusu,Haxorus,Maxax,Tranchodon,Dragon,,,,,18,1055,,611,1,48,,76,147,90,60,70,97,540
613,cubchoo,クマシュン,Kumashun,Cubchoo,Petznief,Polarhume,Ice,,,,,5,85,614,,,,,55,70,40,60,40,40,305
614,beartic,ツンベアー,Tsunbea,Beartic,Siberio,Polagriffe,Ice,,,,,26,2600,,613,1,37,,95,130,80,70,80,50,505
615,cryogonal,フリージオ,Furijio,Cryogonal,Frigometri,Hexagel,Ice,,,,,11,1480,,,,,,80,50,50,95,135,105,515
616,shelmet,チョボマキ,Chobomaki,Shelmet,Schnuthelm,Escargaume,Bug,,,,,4,77,617,,,,,50,40,85,40,65,25,305
617,accelgor,アギルダー,Agiruda,Accelgor,Hydragil,Limaspeed,Bug,,,,,8,253,,616,2,,,80,70,40,100,60,145,495
618,stunfisk,マッギョ,Maggyo,Stunfisk,Flunschlik,Limonde,Ground,Electric,,,,7,110,,,,,,109,66,84,81,99,32,471
619,mienfoo,コジョフー,Kojofu,Mienfoo,Lin-Fu,Kungfouine,Fighting,,,,,9,200,620,,,,,45,85,50,55,50,65,350
620,mienshao,コジョンド,Kojondo,Mienshao,Wie-Shu,Shaofouine,Fighting,,,,,14,355,,619,1,50,,65,125,60,95,60,105,510
621,druddigon,ニョロボン,Nyorobon,Druddigon,Shardrago,Drakkarmin,Dragon,,,,,16,1390,,,,,,77,120,90,60,90,48,485
622,golett,ゴビット,Gobitto,Golett,Golbit,Gringolem,Ground,Ghost,,,,10,920,623,,,,,59,74,50,35,50,35,303
623,golurk,ゴルーグ,Gorugu,Golurk,Golgantes,Golemastoc,Ground,Ghost,,,,28,3300,,622,1,43,,89,124,80,55,80,55,483
624,pawniard,コマタナ,Komatana,Pawniard,Gladiantri,Scalpion,Dark,Steel,,,,5,102,625,,,,,45,85,70,40,40,60,340
625,bisharp,キリキザン,Kirikizan,Bisharp,Caesurio,Scalproie,Dark,Steel,,,,16,700,,624,1,52,,65,125,100,60,70,70,490
626,bouffalant,バッフロン,Baffuron,Bouffalant,Bisofank,Frison,Normal,,,,,16,946,,,,,,95,110,95,40,95,55,490
627,rufflet,ワシボン,Washibon,Rufflet,Geronimatz,Furaiglon,Normal,Flying,,,,5,105,628,,,,,70,83,50,37,50,60,350
628,braviary,ウォーグル,Woguru,Braviary,Washakwil,Gueriaigle,Normal,Flying,,,,15,410,,627,1,54,,100,123,75,57,75,80,510
629,vullaby,バルチャイ,Baruchai,Vullaby,Skallyk,Vostourno,Dark,Flying,,,,5,90,630,,,,,70,55,75,45,65,60,370
630,mandibuzz,バルジーナ,Barujina,Mandibuzz,Grypheldis,Vaututrice,Dark,Flying,,,,12,395,,629,1,54,,110,65,105,55,95,80,510
631,heatmor,ケーシィ,Keshixi,Heatmor,Furnifraß,Aflamanoir,Fire,,,,,14,580,,,,,,85,97,66,105,66,65,484
632,durant,アイアント,Aianto,Durant,Fermicula,Fermite,Bug,Steel,,,,3,330,,,,,,58,109,112,48,48,109,484
633,deino,モノズ,Monozu,Deino,Kapuno,Solochi,Dark,Dragon,,,,8,173,634,,,,,52,65,50,45,50,38,300
634,zweilous,ジヘッド,Jiheddo,Zweilous,Duodino,Diamat,Dark,Dragon,,,,14,500,635,633,1,50,,72,85,70,65,70,58,420
635,hydreigon,サザンドラ,Sazandora,Hydreigon,Trikephalo,Trioxhydre,Dark,Dragon,,,,18,1600,,634,1,64,,92,105,90,125,90,98,600
636,larvesta,メラルバ,Meraruba,Larvesta,Ignivor,Pyronille,Bug,Fire,,,,11,288,637,,,,,55,85,55,50,55,60,360
637,volcarona,ウルガモス,Urugamosu,Volcarona,Ramoth,Pyrax,Bug,Fire,,,,16,460,,636,1,59,,85,60,65,135,105,100,550
638,cobalion,コバルオン,Kobaruon,Cobalion,Kobalium,Cobaltium,Steel,Fighting,,1,,21,2500,,,,,,91,90,129,90,72,108,580
639,terrakion,テラキオン,Terakion,Terrakion,Terrakium,Terrakium,Rock,Fighting,,1,,19,2600,,,,,,91,129,90,72,90,108,580
640,virizion,ビリジオン,Birijion,Virizion,Viridium,Viridium,Grass,Fighting,,1,,20,2000,,,,,,91,90,72,90,129,108,580
641,tornadus,ユンゲラー,Yungera,Tornadus,Boreos,Boréas,Flying,,,1,,15,630,,,,,,79,115,70,125,80,111,580
642,thundurus,ボルトロス,Borutorosu,Thundurus,Voltolos,Fulguris,Electric,Flying,,1,,15,610,,,,,,79,115,70,125,80,111,580
643,reshiram,レシラム,Reshiramu,Reshiram,Reshiram,Reshiram,Dragon,Fire,,1,,32,3300,,,,,,100,120,100,150,120,90,680
644,zekrom,ゼクロム,Zekuromu,Zekrom,Zekrom,Zekrom,Dragon,Electric,,1,,29,3450,,,,,,100,150,120,120,100,90,680
645,landorus,ランドロス,Randorosu,Landorus,Demeteros,Démétéros,Ground,Flying,,1,,15,680,,,,,,89,125,90,115,80,101,600
646,kyurem,キュレム,Kyuremu,Kyurem,Kyurem,Kyurem,Dragon,Ice,,1,,30,3250,,,,,,125,130,90,130,90,95,660
647,keldeo,ケルディオ,Kerudio,Keldeo,Keldeo,Keldeo,Water,Fighting,1,,,14,485,,,,,,91,72,90,129,90,108,580
648,meloetta,メロエッタ,Meroetta,Meloetta,Meloetta,Meloetta,Normal,Psychic,1,,,6,65,,,,,,100,77,77,128,128,90,600
649,genesect,ゲノセクト,Genosekuto,Genesect,Genesect,Genesect,Bug,Steel,1,,,15,825,,,,,,71,120,95,120,95,99,600
650,chespin,ハリマロン,Harimaron,Chespin,Igamaro,Marisson,Grass,,,,,4,90,651,,,,,56,61,65,48,45,38,313
651,quilladin,フーディン,Fudin,Quilladin,Igastarnish,Boguérisse,Grass,,,,,7,290,652,650,1,16,,61,78,95,56,58,57,405
652,chesnaught,ブリガロン,Burigaron,Chesnaught,Brigaron,Blindépique,Grass,Fighting,,,,16,900,,651,1,36,,88,107,122,74,75,64,530
653,fennekin,フォッコ,Fokko,Fennekin,Fynx,Feunnec,Fire,,,,,4,94,654,,,,,40,45,40,62,60,60,307
654,braixen,テールナー,Teruna,Braixen,Rutena,Roussil,Fire,,,,,10,145,655,653,1,16,,59,59,58,90,70,73,409
655,delphox,マフォクシー,Mafokushi,Delphox,Fennexis,Goupelin,Fire,Psychic,,,,15,390,,654,1,36,,75,69,72,114,100,104,534
656,froakie,ケロマツ,Keromatsu,Froakie,Froxy,Grenousse,Water,,,,,3,70,657,,,,,41,56,40,62,44,71,314
657,frogadier,ゲコガシラ,Gekogashira,Frogadier,Amphizel,Croâporal,Water,,,,,6,109,658,656,1,16,,54,63,52,83,56,97,405
658,greninja,ゲッコウガ,Gekkouga,Greninja,Quajutsu,Amphinobi,Water,Dark,,,,15,400,,657,1,36,,72,95,67,103,71,122,530
659,bunnelby,ホルビー,Horubi,Bunnelby,Scoppel,Sapereau,Normal,,,,,4,50,660,,,,,38,36,38,32,36,57,237
660,diggersby,ホルード,Horudo,Diggersby,Grebbit,Excavarenne,Normal,Ground,,,,10,424,,659,1,20,,85,56,77,50,77,78,423
661,fletchling,ワンリキー,Wanriki,Fletchling,Dartiri,Passerouge,Normal,Flying,,,,3,17,662,,,,,45,50,43,40,38,62,278
662,fletchinder,ヒノヤコマ,Hinoyakoma,Fletchinder,Dartignis,Braisillon,Fire,Flying,,,,7,160,663,661,1,17,,62,73,55,56,52,84,382
663,talonflame,ファイアロー,Faiaro,Talonflame,Fiaro,Flambusard,Fire,Flying,,,,12,245,,662,1,35,,78,81,71,74,69,126,499
664,scatterbug,コフキムシ,Kofukimushi,Scatterbug,Purmel,Lépidonille,Bug,,,,,3,25,665,,,,,38,35,40,27,25,35,200
665,spewpa,コフーライ,Kofurai,Spewpa,Puponcho,Pérégrain,Bug,,,,,3,84,666,664,1,9,,45,22,60,27,30,29,213
666,vivillon,ビビヨン,Bibiyon,Vivillon,Vivillon,Prismillon,Bug,Flying,,,,12,170,,665,1,12,,80,52,50,90,50,89,411
667,litleo,シシコ,Shishiko,Litleo,Leufeo,Hélionceau,Fire,Normal,,,,6,135,668,,,,,62,50,58,73,54,72,369
668,pyroar,カエンジシ,Kaenjishi,Pyroar,Pyroleo,Némélios,Fire,Normal,,,,15,815,,667,1,35,,86,68,72,109,66,106,507
669,flabebe,フラベベ,Furabebe,Flabébé,Flabébé,Flabébé,Fairy,,,,,1,1,670,,,,,44,38,39,61,79,42,303
670,floette,フラエッテ,Furaette,Floette,Floette,Floette,Fairy,,,,,2,9,671,669,1,19,,54,45,47,75,98,52,371
671,florges,ゴーリキー,Goriki,Florges,Florges,Florges,Fairy,,,,,11,100,,670,3,,107,78,65,68,112,154,75,552
672,skiddo,メェークル,Mexekuru,Skiddo,Mähikel,Cabriolaine,Grass,,,,,9,310,673,,,,,66,65,48,62,57,52,350
673,gogoat,ゴーゴート,Gogoto,Gogoat,Chevrumm,Chevroum,Grass,,,,,17,910,,672,1,32,,123,100,62,97,81,68,531
674,pancham,ヤンチャム,Yanchamu,Pancham,Pam-Pam,Pandespiègle,Fighting,,,,,6,80,675,,,,,67,82,62,46,48,43,348
675,pangoro,ゴロンダ,Goronda,Pangoro,Pandagro,Pandarbare,Fighting,Dark,,,,21,1360,,674,1,32,,95,124,78,69,71,58,495
676,furfrou,トリミアン,Torimian,Furfrou,Coiffwaff,Couafarel,Normal,,,,,12,280,,,,,,75,80,60,65,90,102,472
677,espurr,ニャスパー,Nyasupa,Espurr,Psiau,Psystigri,Psychic,,,,,3,35,678,,,,,62,48,54,63,60,68,355
678,meowstic,ニャオニクス,Nyaonikusu,Meowstic,Psiaugon,Mistigrix,Psychic,,,,,6,85,,677,1,25,,74,48,76,83,81,104,466
679,honedge,ヒトツキ,Hitotsuki,Honedge,Gramokles,Monorpale,Steel,Ghost,,,,8,20,680,,,,,45,80,100,35,37,28,325
680,doublade,ニダンギル,Nidangiru,Doublade,Duokles,Dimoclès,Steel,Ghost,,,,8,45,681,679,1,35,,59,110,150,45,49,35,448
681,aegislash,カイリキー,Kairiki,Aegislash,Durengard,Exagide,Steel,Ghost,,,,17,530,,680,3,,108,60,50,150,50,150,60,520
682,spritzee,シュシュプ,Shushupu,Spritzee,Parfi,Fluvetin,Fairy,,,,,2,5,683,,,,,78,52,60,63,65,23,341
683,aromatisse,フレフワン,Furefuwan,Aromatisse,Parfinesse,Cocotine,Fairy,,,,,8,155,,682,2,,,101,72,72,99,89,29,462
684,swirlix,ペロッパフ,Peroppafu,Swirlix,Flauschling,Sucroquin,Fairy,,,,,4,35,685,,,,,62,48,66,59,57,49,341
685,slurpuff,ペロリーム,Perorimu,Slurpuff,Sabbaione,Cupcanaille,Fairy,,,,,8,50,,684,2,,,82,80,86,85,75,72,480
686,inkay,マーイーカ,Maika,Inkay,Iscalar,Sepiatop,Dark,Psychic,,,,4,35,687,,,,,53,54,53,37,46,45,288
687,malamar,カラマネロ,Karamanero,Malamar,Calamanero,Sepiatroce,Dark,Psychic,,,,15,470,,686,1,30,,86,92,88,68,75,73,482
688,binacle,カメテテ,Kametete,Binacle,Bithora,Opermine,Rock,Water,,,,5,310,689,,,,,42,52,67,39,56,50,306
689,barbaracle,ガメノデス,Gamenodesu,Barbaracle,Thanathora,Golgopathe,Rock,Water,,,,13,960,,688,1,39,,72,105,115,54,86,68,500
690,skrelp,クズモー,Kuzumo,Skrelp,Algitt,Venalgue,Poison,Water,,,,5,73,691,,,,,50,60,60,60,60,30,320
691,dragalge,マダツボミ,Madatsubomi,Dragalge,Tandrak,Kravarech,Poison,Dragon,,,,18,815,,690,1,48,,65,75,90,97,123,44,494
692,clauncher,ウデッポウ,Udeppou,Clauncher,Scampisto,Flingouste,Water,,,,,5,83,693,,,,,50,53,62,58,63,44,330
693,clawitzer,ブロスター,Burosuta,Clawitzer,Wummer,Gamblast,Water,,,,,13,353,,692,1,37,,71,73,88,120,89,59,500
694,helioptile,エリキテル,Erikiteru,Helioptile,Eguana,Galvaran,Electric,Normal,,,,5,60,695,,,,,44,38,33,61,43,70,289
695,heliolisk,エレザード,Erezado,Heliolisk,Elezard,Iguolta,Electric,Normal,,,,10,210,,694,3,,80,62,55,52,109,94,109,481
696,tyrunt,チゴラス,Chigorasu,Tyrunt,Balgoras,Ptyranidur,Rock,Dragon,,,,8,260,697,,,,,58,89,77,45,45,48,362
697,tyrantrum,ガチゴラス,Gachigorasu,Tyrantrum,Monargoras,Rexillius,Rock,Dragon,,,,25,2700,,696,1,39,,82,121,119,69,59,71,521
698,amaura,アマルス,Amarusu,Amaura,Amarino,Amagara,Rock,Ice,,,,13,252,699,,,,,77,59,50,67,63,46,362
699,aurorus,アマルルガ,Amaruruga,Aurorus,Amagarga,Dragmara,Rock,Ice,,,,27,2250,,698,1,39,,123,77,72,99,92,58,521
700,sylveon,ニンフィア,Ninfia,Sylveon,Feelinara,Nymphali,Fairy,,,,,10,235,,133,1,,,95,65,65,110,130,60,525
701,hawlucha,ウツドン,Utsudon,Hawlucha,Resladero,Brutalibré,Fighting,Flying,,,,8,215,,,,,,78,92,75,74,63,118,500
702,dedenne,デデンネ,Dedenne,Dedenne,Dedenne,Dedenne,Electric,Fairy,,,,2,22,,,,,,67,58,57,81,67,101,431
703,carbink,メレシー,Mereshi,Carbink,Rocara,Strassie,Rock,Fairy,,,,3,57,,,,,,50,50,150,50,150,50,500
704,goomy,ヌメラ,Numera,Goomy,Viscora,Mucuscule,Dragon,,,,,3,28,705,,,,,45,50,35,55,75,40,300
705,sliggoo,ヌメイル,Numeiru,Sliggoo,Viscargot,Colimucus,Dragon,,,,,8,175,706,704,1,40,,68,75,53,83,113,60,452
706,goodra,ヌメルゴン,Numerugon,Goodra,Viscogon,Muplodocus,Dragon,,,,,20,1505,,705,1,50,,90,100,70,110,150,80,600
707,klefki,クレッフィ,Kureffi,Klefki,Clavion,Trousselin,Steel,Fairy,,,,2,30,,,,,,57,80,91,80,87,75,470
708,phantump,ボクレー,Bokure,Phantump,Paragoni,Brocélôme,Ghost,Grass,,,,4,70,709,,,,,43,70,48,50,60,38,309
709,trevenant,オーロット,Orotto,Trevenant,Trombork,Desséliande,Ghost,Grass,,,,15,710,,708,2,,,85,110,76,65,82,56,474
710,pumpkaboo,バケッチャ,Bakeccha,Pumpkaboo,Irrbis,Pitrouille,Ghost,Grass,,,,4,50,711,,,,,49,66,70,44,55,51,335
711,gourgeist,ウツボット,Utsubotto,Gourgeist,Pumpdjinn,Banshitrouye,Ghost,Grass,,,,9,125,,710,2,,,65,90,122,58,75,84,494
712,bergmite,カチコール,Kachikoru,Bergmite,Arktip,Grelaçon,Ice,,,,,10,995,713,,,,,55,69,85,32,35,28,304
713,avalugg,クレベース,Kurebesu,Avalugg,Arktilas,Séracrawl,Ice,,,,,20,5050,,712,1,37,,95,117,184,44,46,28,514
714,noibat,オンバット,Onbatto,Noibat,eF-eM,Sonistrelle,Flying,Dragon,,,,5,80,715,,,,,40,30,35,45,40,55,245
715,noivern,オンバーン,Onban,Noivern,UHaFnir,Bruyverne,Flying,Dragon,,,,15,850,,714,1,48,,85,70,80,97,80,123,535
716,xerneas,ゼルネアス,Zeruneasu,Xerneas,Xerneas,Xerneas,Fairy,,,1,,30,2150,,,,,,126,131,95,131,98,99,680
717,yveltal,イベルタル,Iberutaru,Yveltal,Yveltal,Yveltal,Dark,Flying,,1,,58,2030,,,,,,126,131,95,131,98,99,680
718,zygarde,ジガルデ,Jigarude,Zygarde,Zygarde,Zygarde,Dragon,Ground,,1,,50,3050,,,,,,108,100,121,81,95,95,600
719,diancie,ディアンシー,Dianshi,Diancie,Diancie,Diancie,Rock,Fairy,1,,,7,88,,,,,,50,100,150,100,150,50,600
720,hoopa,フーパ,Fupa,Hoopa,Hoopa,Hoopa,Psychic,Ghost,1,,,5,90,,,,,,80,110,60,150,130,70,600
721,volcanion,メノクラゲ,Menokurage,Volcanion,Volcanion,Volcanion,Fire,Water,1,,,17,1950,,,,,,80,110,120,130,90,70,600
722,rowlet,モクロー,Mokuro,Rowlet,Bauz,Brindibou,Grass,Flying,,,,3,15,723,,,,,68,55,55,50,50,42,320
723,dartrix,フクスロー,Fukusuro,Dartrix,Arboretoss,Efflèche,Grass,Flying,,,,7,160,724,722,1,17,,78,75,75,70,70,52,420
724,decidueye,ジュナイパー,Junaipa,Decidueye,Silvarro,Archéduc,Grass,Ghost,,,,16,366,,723,1,34,,78,107,75,100,100,70,530
725,litten,ニャビー,Nyabi,Litten,Flamiau,Flamiaou,Fire,,,,,4,43,726,,,,,45,65,40,60,40,70,320
726,torracat,ニャヒート,Nyahito,Torracat,Miezunder,Matoufeu,Fire,,,,,7,250,727,725,1,17,,65,85,50,80,50,90,420
727,incineroar,ガオガエン,Gaogaen,Incineroar,Fuegro,Félinferno,Fire,Dark,,,,18,830,,726,1,34,,95,115,90,80,90,60,530
728,popplio,アシマリ,Ashimari,Popplio,Robball,Otaquin,Water,,,,,4,75,729,,,,,50,54,54,66,56,40,320
729,brionne,オシャマリ,Oshamari,Brionne,Marikeck,Otarlette,Water,,,,,6,175,730,728,1,17,,60,69,69,91,81,50,420
730,primarina,アシレーヌ,Ashirenu,Primarina,Primarene,Oratoria,Water,Fairy,,,,18,440,,729,1,34,,80,74,74,126,116,60,530
731,pikipek,ドククラゲ,Dokukurage,Pikipek,Peppeck,Picassaut,Normal,Flying,,,,3,12,732,,,,,35,75,30,30,30,65,265
732,trumbeak,ケララッパ,Kerarappa,Trumbeak,Trompeck,Piclairon,Normal,Flying,,,,6,148,733,731,1,14,,55,85,50,40,50,75,355
733,toucannon,ドデカバシ,Dodekabashi,Toucannon,Tukanon,Bazoucan,Normal,Flying,,,,11,260,,732,1,28,,80,120,75,75,75,60,485
734,yungoos,ヤングース,Yangusu,Yungoos,Mangunior,Manglouton,Normal,,,,,4,60,735,,,,,48,70,30,30,30,45,253
735,gumshoos,デカグース,Dekagusu,Gumshoos,Manguspektor,Argouste,Normal,,,,,7,142,,734,1,20,,88,110,60,55,60,45,418
736,grubbin,アゴジムシ,Agojimushi,Grubbin,Mabula,Larvibule,Bug,,,,,4,44,737,,,,,47,62,45,55,45,46,300
737,charjabug,デンヂムシ,Dendimushi,Charjabug,Akkup,Chrysapile,Bug,Electric,,,,5,105,738,736,1,20,,57,82,95,55,75,36,400
738,vikavolt,クワガノン,Kuwaganon,Vikavolt,Donarion,Lucanon,Bug,Electric,,,,15,450,,737,1,,,77,70,90,145,75,43,500
739,crabrawler,マケンカニ,Makenkani,Crabrawler,Krabbox,Crabagarre,Fighting,,,,,6,70,740,,,,,47,82,57,42,47,63,338
740,crabominable,ケケンカニ,Kekenkani,Crabominable,Krawell,Crabominable,Fighting,Ice,,,,17,1800,,739,1,,,97,132,77,62,67,43,478
741,oricorio,イシツブテ,Ishitsubute,Oricorio,Choreogel,Plumeline,Fire,Flying,,,,6,34,,,,,,75,70,70,98,70,93,476
742,cutiefly,アブリー,Aburi,Cutiefly,Wommel,Bombydou,Bug,Fairy,,,,1,2,743,,,,,40,45,40,55,40,84,304
743,ribombee,アブリボン,Aburibon,Ribombee,Bandelby,Rubombelle,Bug,Fairy,,,,2,5,,742,1,25,,60,55,60,95,70,124,464
744,rockruff,イワンコ,Iwanko,Rockruff,Wuffels,Rocabot,Rock,,,,,5,92,745,,,,,45,65,40,30,40,60,280
745,lycanroc,ルガルガン,Rugarugan,Lycanroc,Wolwerock,Lougaroc,Rock,,,,,8,250,,744,1,25,,75,115,65,55,65,112,487
746,wishiwashi,ヨワシ,Yowashi,Wishiwashi,Lusardin,Froussardine,Water,,,,,2,3,,,,,,45,20,20,25,25,40,175
747,mareanie,ヒドイデ,Hidoide,Mareanie,Garstella,Vorastérie,Poison,Water,,,,4,80,748,,,,,50,53,62,43,52,45,305
748,toxapex,ドヒドイデ,Dohidoide,Toxapex,Aggrostella,Prédastérie,Poison,Water,,,,7,145,,747,1,38,,50,63,152,53,142,35,495
749,mudbray,ドロバンコ,Dorobanko,Mudbray,Pampuli,Tiboudet,Ground,,,,,10,1100,750,,,,,70,100,70,45,55,45,385
750,mudsdale,バンバドロ,Banbadoro,Mudsdale,Pampross,Bourrinos,Ground,,,,,25,9200,,749,1,30,,100,125,100,55,85,35,500
751,dewpider,ゴローン,Goron,Dewpider,Araqua,Araqua,Water,Bug,,,,3,40,752,,,,,38,40,52,40,72,27,269
752,araquanid,オニシズクモ,Onishizukumo,Araquanid,Aranestro,Tarenbulle,Water,Bug,,,,18,820,,751,1,22,,68,70,92,50,132,42,454
753,fomantis,カリキリ,Karikiri,Fomantis,Imantis,Mimantis,Grass,,,,,3,15,754,,,,,40,55,35,50,35,35,250
754,lurantis,ラランテス,Rarantesu,Lurantis,Mantidea,Floramantis,Grass,,,,,9,185,,753,1,34,,70,105,90,80,90,45,480
755,morelull,ネマシュ,Nemashu,Morelull,Bubungus,Spododo,Grass,Fairy,,,,2,15,756,,,,,40,35,55,65,75,15,285
756,shiinotic,マシェード,Mashedo,Shiinotic,Lamellux,Lampignon,Grass,Fairy,,,,10,115,,755,1,24,,60,45,80,90,100,30,405
757,salandit,ヤトウモリ,Yatoumori,Salandit,Molunk,Tritox,Poison,Fire,,,,6,48,758,,,,,48,44,40,71,40,77,320
758,salazzle,エンニュート,Ennyuto,Salazzle,Amfira,Malamandre,Poison,Fire,,,,12,222,,757,1,33,,68,64,60,111,60,117,480
759,stufful,ヌイコグマ,Nuikoguma,Stufful,Velursi,Nounourson,Normal,Fighting,,,,5,68,760,,,,,70,75,50,45,50,50,340
760,bewear,キテルグマ,Kiteruguma,Bewear,Kosturso,Chelours,Normal,Fighting,,,,21,1350,,759,1,27,,120,125,80,55,60,60,500
761,bounsweet,ゴローニャ,Goronya,Bounsweet,Frubberl,Croquine,Grass,,,,,3,32,762,,,,,42,30,38,30,38,32,210
762,steenee,アママイコ,Amamaiko,Steenee,Frubaila,Candine,Grass,,,,,7,82,763,761,1,18,,52,40,48,40,48,62,290
763,tsareena,アマージョ,Amajo,Tsareena,Fruyal,Sucreine,Grass,,,,,12,214,,762,1,,,72,120,98,50,98,72,510
764,comfey,キュワワー,Kyuwawa,Comfey,Curelei,Guérilande,Fairy,,,,,1,3,,,,,,51,52,90,82,110,100,485
765,oranguru,ヤレユータン,Yareyutan,Oranguru,Kommandutan,Gouroutan,Normal,Psychic,,,,15,760,,,,,,90,60,80,90,110,60,490
766,passimian,ナゲツケサル,Nagetsukesaru,Passimian,Quartermak,Quartermac,Fighting,,,,,20,828,,,,,,100,120,90,40,60,80,490
767,wimpod,コソクムシ,Kosokumushi,Wimpod,Reißlaus,Sovkipou,Bug,Water,,,,5,120,768,,,,,25,35,40,20,30,80,230
768,golisopod,グソクムシャ,Gusokumusha,Golisopod,Tectass,Sarmuraï,Bug,Water,,,,20,1080,,767,1,30,,75,125,140,60,90,40,530
769,sandygast,スナバァ,Sunabaxa,Sandygast,Sankabuh,Bacabouh,Ghost,Ground,,,,5,700,770,,,,,55,55,80,70,45,15,320
770,palossand,シロデスナ,Shirodesuna,Palossand,Colossand,Trépassable,Ghost,Ground,,,,13,2500,,769,1,42,,85,75,110,100,75,35,480
771,pyukumuku,ポニータ,Ponita,Pyukumuku,Gufa,Concombaffe,Water,,,,,3,12,,,,,,55,60,130,30,130,5,410
772,type-null,タイプ：ヌル,Taipunuru,Type: Null,Typ:Null,Type:0,Normal,,,1,,19,1205,773,,,,,95,95,95,95,95,59,534
773,silvally,シルヴァディ,Shiruvadi,Silvally,Amigento,Silvallié,Normal,,,1,,23,1005,,772,1,,,95,95,95,95,95,95,570
774,minior,メテノ,Meteno,Minior,Meteno,Météno,Rock,Flying,,,,3,400,,,,,,60,60,100,60,100,60,440
775,komala,ネッコアラ,Nekkoara,Komala,Koalelu,Dodoala,Normal,,,,,4,199,,,,,,65,115,65,75,95,65,480
776,turtonator,バクガメス,Bakugamesu,Turtonator,Tortunator,Boumata,Fire,Dragon,,,,20,2120,,,,,,60,78,135,91,85,36,485
777,togedemaru,トゲデマル,Togedemaru,Togedemaru,Togedemaru,Togedemaru,Electric,Steel,,,,3,33,,,,,,65,98,63,40,73,96,435
778,mimikyu,ミミッキュ,Mimikkyu,Mimikyu,Mimigma,Mimiqui,Ghost,Fairy,,,,2,7,,,,,,55,90,80,50,105,96,476
779,bruxish,ハギギシリ,Hagigishiri,Bruxish,Knirfish,Denticrisse,Water,Psychic,,,,9,190,,,,,,68,105,70,70,70,92,475
780,drampa,ジジーロン,Jijiron,Drampa,Sen-Long,Draïeul,Normal,Dragon,,,,30,1850,,,,,,78,60,85,135,91,36,485
781,dhelmise,ギャロップ,Gyaroppu,Dhelmise,Moruda,Sinistrail,Ghost,Grass,,,,39,2100,,,,,,70,131,100,86,90,40,517
782,jangmo-o,ジャラコ,Jarako,Jangmo-o,Miniras,Bébécaille,Dragon,,,,,6,297,783,,,,,45,55,65,45,45,45,300
783,hakamo-o,ジャランゴ,Jarango,Hakamo-o,Mediras,Écaïd,Dragon,Fighting,,,,12,470,784,782,1,35,,55,75,90,65,70,65,420
784,kommo-o,ジャラランガ,Jararanga,Kommo-o,Grandiras,Ékaïser,Dragon,Fighting,,,,16,782,,783,1,45,,75,110,125,100,105,85,600
785,tapu-koko,カプ・コケコ,Kapukokeko,Tapu Koko,Kapu-Riki,Tokorico,Electric,Fairy,,1,,18,205,,,,,,70,115,85,95,75,130,570
786,tapu-lele,カプ・テテフ,Kaputetefu,Tapu Lele,Kapu-Fala,Tokopiyon,Psychic,Fairy,,1,,12,186,,,,,,70,85,75,130,115,95,570
787,tapu-bulu,カプ・ブルル,Kapubururu,Tapu Bulu,Kapu-Toro,Tokotoro,Grass,Fairy,,1,,19,455,,,,,,70,130,115,85,95,75,570
788,tapu-fini,カプ・レヒレ,Kapurehire,Tapu Fini,Kapu-Kime,Tokopisco,Water,Fairy,,1,,13,212,,,,,,70,75,115,95,130,85,570
789,cosmog,コスモッグ,Kosumoggu,Cosmog,Cosmog,Cosmog,Psychic,,,1,,2,1,790,,,,,43,29,31,29,31,37,200
790,cosmoem,コスモウム,Kosumoumu,Cosmoem,Cosmovum,Cosmovum,Psychic,,,1,,1,9999,791 792,789,1,43,,43,29,131,29,131,37,400
791,solgaleo,ヤドン,Yadon,Solgaleo,Solgaleo,Solgaleo,Psychic,Steel,,1,,34,2300,,790,1,53,,137,137,107,113,89,97,680
792,lunala,ルナアーラ,Runaara,Lunala,Lunala,Lunala,Psychic,Ghost,,1,,40,1200,,790,1,53,,137,113,89,137,107,97,680
793,nihilego,ウツロイド,Utsuroido,Nihilego,Anego,Zéroïd,Rock,Poison,,,1,12,555,,,,,,109,53,47,127,131,103,570
794,buzzwole,マッシブーン,Masshibun,Buzzwole,Masskito,Mouscoto,Bug,Fighting,,,1,24,3336,,,,,,107,139,139,53,53,79,570
795,pheromosa,フェローチェ,Feroche,Pheromosa,Schabelle,Cancrelove,Bug,Fighting,,,1,18,250,,,,,,71,137,37,137,37,151,570
796,xurkitree,デンジュモク,Denjumoku,Xurkitree,Voltriant,Câblifère,Electric,,,,1,38,1000,,,,,,83,89,71,173,71,83,570
797,celesteela,テッカグヤ,Tekkaguya,Celesteela,Kaguron,Bamboiselle,Steel,Flying,,,1,92,9999,,,,,,97,101,103,107,101,61,570
798,kartana,カミツルギ,Kamitsurugi,Kartana,Katagami,Katagami,Grass,Steel,,,1,3,1,,,,,,59,181,131,59,31,109,570
799,guzzlord,アクジキング,Akujikingu,Guzzlord,Schlingking,Engloutyran,Dark,Dragon,,,1,55,8880,,,,,,223,101,53,97,53,43,570
800,necrozma,ネクロズマ,Nekurozuma,Necrozma,Necrozma,Necrozma,Psychic,,,1,,24,2300,,,,,,97,107,101,127,89,79,600
801,magearna,ヤドラン,Yadoran,Magearna,Magearna,Magearna,Steel,Fairy,1,,,10,805,,,,,,80,95,115,130,115,65,600
802,marshadow,マーシャドー,Mashado,Marshadow,Marshadow,Marshadow,Fighting,Ghost,1,,,7,222,,,,,,90,125,80,90,90,125,600
803,poipole,ベベノム,Bebenomu,Poipole,Venicro,Vémini,Poison,,,,1,6,18,804,,,,,67,73,67,73,67,73,420
804,naganadel,アーゴヨン,Agoyon,Naganadel,Agoyon,Mandrillon,Poison,Dragon,,,1,36,1500,,803,1,,,73,73,73,127,73,121,540
805,stakataka,ツンデツンデ,Tsundetsunde,Stakataka,Muramura,Ama-Ama,Rock,Steel,,,1,55,8200,,,,,,61,131,211,53,101,13,570
806,blacephalon,ズガドーン,Zugadon,Blacephalon,Kopplosio,Pierroteknik,Fire,Ghost,,,1,18,130,,,,,,53,127,53,151,79,107,570
807,zeraora,ゼラオラ,Zeraora,Zeraora,Zeraora,Zeraora,Electric,,1,,,15,445,,,,,,88,112,75,102,80,143,600
808,meltan,メルタン,Merutan,Meltan,Meltan,Meltan,Steel,,1,,,2,80,,,,,,46,65,65,55,35,34,300
809,melmetal,メルメタル,Merumetaru,Melmetal,Melmetal,Melmetal,Steel,,1,,,25,8000,,,,,,135,143,143,80,65,34,600